Acquisition costs,Other acquisition costs,Other acquisition costs,Other acquisition costs,Other acquisition costs,Other acquisition costs,Other acquisition costs,Other acquisition costs,Construction costs,Professional fees,Professional fees,Professional fees,Professional fees,Professional fees,Professional fees,Professional fees,Professional fees,Professional fees,Statutory costs,Marketing,Other costs,Other costs,Project contingency,Project contingency
Site acquisition,Stamp Duty inc VAT (on actual purchase),Jensco legal costs land & S106,Jensco legal costs funding (inc Oak North),Jensco legal costs - Kinetic funding,Jensco legal fees - construction,Bank Valuation Fees,Vat recovered on day 1 costs,Construction costs,Development Management Fee,Project managers & QS,M&E Consultant - client side,Planning costs - see schedule,Architect / Planning / Survey Fees,Bank Fee Contingency,Material Storage Charges,Legal Fees and Accountancy ,Unallocated fee contingency,S106 / 278 (over build cost inclusion),1st year mobilisation & marketing,Insurances - Developer Risk,Knight Frank (debt broker),Irrecoverable VAT (contingency),Risk Allowance (contingency)
nan,nan,nan,nan,nan,nan,nan,nan,nan,nan,nan,nan,nan,nan,nan,nan,nan,nan,nan,nan,nan,Knight Frank,nan,nan
7740000.0,189500.0,23563.0,39350.0,33150.0,38400.0,16200.0,0.0,0.0,0.0,0.0,0.0,425070.0,0.0,0.0,0.0,0.0,0.0,0.0,0.0,72374.0,300000.0,0.0,0.0
0.0,0.0,0.0,0.0,0.0,0.0,0.0,0.0,0.0,0.0,0.0,0.0,0.0,0.0,0.0,0.0,0.0,0.0,0.0,0.0,0.0,0.0,0.0,0.0
0.0,0.0,0.0,0.0,0.0,0.0,0.0,0.0,0.0,0.0,0.0,0.0,0.0,0.0,0.0,0.0,0.0,0.0,0.0,0.0,0.0,0.0,0.0,0.0
0.0,0.0,0.0,0.0,0.0,0.0,0.0,0.0,0.0,0.0,0.0,0.0,0.0,0.0,0.0,0.0,0.0,0.0,0.0,0.0,0.0,0.0,0.0,0.0
0.0,0.0,0.0,0.0,0.0,0.0,0.0,0.0,0.0,0.0,0.0,0.0,0.0,0.0,0.0,0.0,0.0,0.0,0.0,0.0,0.0,0.0,0.0,0.0
0.0,0.0,0.0,0.0,0.0,0.0,0.0,0.0,0.0,0.0,0.0,0.0,0.0,0.0,0.0,0.0,0.0,0.0,0.0,0.0,0.0,0.0,0.0,0.0
0.0,0.0,0.0,0.0,0.0,0.0,0.0,0.0,0.0,0.0,0.0,0.0,0.0,0.0,0.0,0.0,0.0,0.0,0.0,0.0,0.0,0.0,0.0,0.0
0.0,0.0,0.0,0.0,0.0,0.0,0.0,0.0,0.0,0.0,0.0,0.0,0.0,0.0,0.0,0.0,0.0,0.0,0.0,0.0,0.0,0.0,0.0,0.0
0.0,0.0,0.0,0.0,0.0,0.0,0.0,0.0,0.0,0.0,0.0,0.0,0.0,0.0,0.0,0.0,0.0,0.0,0.0,0.0,0.0,0.0,0.0,0.0
0.0,0.0,0.0,0.0,0.0,0.0,0.0,0.0,0.0,0.0,0.0,0.0,0.0,0.0,0.0,0.0,0.0,0.0,0.0,0.0,0.0,0.0,0.0,0.0
0.0,0.0,0.0,0.0,0.0,0.0,0.0,0.0,0.0,0.0,0.0,0.0,0.0,0.0,0.0,0.0,0.0,0.0,0.0,0.0,0.0,0.0,0.0,0.0
0.0,0.0,0.0,0.0,0.0,0.0,0.0,0.0,0.0,0.0,0.0,0.0,0.0,0.0,0.0,0.0,0.0,0.0,0.0,0.0,0.0,0.0,0.0,0.0
0.0,0.0,0.0,0.0,0.0,0.0,0.0,0.0,0.0,0.0,0.0,0.0,0.0,0.0,0.0,0.0,0.0,0.0,0.0,0.0,0.0,0.0,0.0,0.0
0.0,0.0,0.0,0.0,0.0,0.0,0.0,0.0,0.0,0.0,0.0,0.0,0.0,0.0,0.0,0.0,0.0,0.0,0.0,0.0,0.0,0.0,0.0,0.0
0.0,0.0,0.0,0.0,0.0,0.0,0.0,0.0,0.0,0.0,0.0,0.0,0.0,0.0,0.0,0.0,0.0,0.0,0.0,0.0,0.0,0.0,0.0,0.0
0.0,0.0,0.0,0.0,0.0,0.0,0.0,0.0,0.0,0.0,0.0,0.0,0.0,0.0,0.0,0.0,0.0,0.0,0.0,0.0,0.0,0.0,0.0,0.0
0.0,0.0,0.0,0.0,0.0,0.0,0.0,0.0,0.0,0.0,0.0,0.0,0.0,0.0,0.0,0.0,0.0,0.0,0.0,0.0,0.0,0.0,0.0,0.0
0.0,0.0,0.0,0.0,0.0,0.0,0.0,0.0,0.0,0.0,0.0,0.0,0.0,0.0,0.0,0.0,0.0,0.0,0.0,0.0,0.0,0.0,0.0,0.0
0.0,0.0,0.0,0.0,0.0,0.0,0.0,0.0,0.0,0.0,0.0,0.0,0.0,0.0,0.0,0.0,0.0,0.0,0.0,0.0,0.0,0.0,0.0,0.0
0.0,0.0,0.0,0.0,0.0,0.0,0.0,0.0,0.0,0.0,0.0,0.0,0.0,0.0,0.0,0.0,0.0,0.0,0.0,0.0,0.0,0.0,0.0,0.0
0.0,0.0,0.0,0.0,0.0,0.0,0.0,0.0,0.0,0.0,0.0,0.0,0.0,0.0,0.0,0.0,0.0,0.0,0.0,0.0,0.0,0.0,0.0,0.0
0.0,0.0,0.0,0.0,0.0,0.0,0.0,0.0,0.0,0.0,0.0,0.0,0.0,0.0,0.0,0.0,0.0,0.0,0.0,0.0,0.0,0.0,0.0,0.0
0.0,0.0,0.0,0.0,0.0,0.0,0.0,0.0,0.0,0.0,0.0,0.0,0.0,0.0,0.0,0.0,0.0,0.0,0.0,0.0,0.0,0.0,0.0,0.0
0.0,0.0,0.0,0.0,0.0,0.0,0.0,0.0,0.0,0.0,0.0,0.0,0.0,0.0,0.0,0.0,0.0,0.0,0.0,0.0,0.0,0.0,0.0,0.0
0.0,0.0,0.0,0.0,0.0,0.0,0.0,0.0,0.0,0.0,0.0,0.0,0.0,0.0,0.0,0.0,0.0,0.0,0.0,0.0,0.0,0.0,0.0,0.0
0.0,0.0,0.0,0.0,0.0,0.0,0.0,0.0,0.0,0.0,0.0,0.0,0.0,0.0,0.0,0.0,0.0,0.0,0.0,0.0,0.0,0.0,0.0,0.0
0.0,0.0,0.0,0.0,0.0,0.0,0.0,0.0,0.0,0.0,0.0,0.0,0.0,0.0,0.0,0.0,0.0,0.0,0.0,0.0,0.0,0.0,0.0,0.0
0.0,0.0,0.0,0.0,0.0,0.0,0.0,0.0,0.0,0.0,0.0,0.0,0.0,0.0,0.0,0.0,0.0,0.0,0.0,0.0,0.0,0.0,0.0,0.0
0.0,0.0,0.0,0.0,0.0,0.0,0.0,0.0,0.0,0.0,0.0,0.0,0.0,0.0,0.0,0.0,0.0,0.0,0.0,0.0,0.0,0.0,0.0,0.0
0.0,0.0,0.0,0.0,0.0,0.0,0.0,0.0,0.0,0.0,0.0,0.0,0.0,0.0,0.0,0.0,0.0,0.0,0.0,0.0,0.0,0.0,0.0,0.0
0.0,0.0,0.0,0.0,0.0,0.0,0.0,0.0,0.0,0.0,0.0,0.0,0.0,0.0,0.0,0.0,0.0,0.0,0.0,0.0,0.0,0.0,0.0,0.0
0.0,0.0,0.0,0.0,0.0,0.0,0.0,0.0,0.0,0.0,0.0,0.0,0.0,0.0,0.0,0.0,0.0,0.0,0.0,0.0,0.0,0.0,0.0,0.0
0.0,0.0,0.0,0.0,0.0,0.0,0.0,0.0,0.0,0.0,0.0,0.0,0.0,0.0,0.0,0.0,0.0,0.0,0.0,0.0,0.0,0.0,0.0,0.0
0.0,0.0,0.0,0.0,0.0,0.0,0.0,0.0,0.0,0.0,0.0,0.0,0.0,0.0,0.0,0.0,0.0,0.0,0.0,0.0,0.0,0.0,0.0,0.0
0.0,0.0,0.0,0.0,0.0,0.0,0.0,0.0,0.0,0.0,0.0,0.0,0.0,0.0,0.0,0.0,0.0,0.0,0.0,0.0,0.0,0.0,0.0,0.0
0.0,0.0,0.0,0.0,0.0,0.0,0.0,0.0,0.0,0.0,0.0,0.0,0.0,0.0,0.0,0.0,0.0,0.0,0.0,0.0,0.0,0.0,0.0,0.0
0.0,0.0,0.0,0.0,0.0,0.0,0.0,0.0,0.0,0.0,0.0,0.0,0.0,0.0,0.0,0.0,0.0,0.0,0.0,0.0,0.0,0.0,0.0,0.0
0.0,0.0,0.0,0.0,0.0,0.0,0.0,0.0,0.0,0.0,0.0,0.0,0.0,0.0,0.0,0.0,0.0,0.0,0.0,0.0,0.0,0.0,0.0,0.0
0.0,0.0,0.0,0.0,0.0,0.0,0.0,0.0,0.0,0.0,0.0,0.0,0.0,0.0,0.0,0.0,0.0,0.0,0.0,0.0,0.0,0.0,0.0,0.0
0.0,0.0,0.0,0.0,0.0,0.0,0.0,0.0,0.0,0.0,0.0,0.0,0.0,0.0,0.0,0.0,0.0,0.0,0.0,0.0,0.0,0.0,0.0,0.0
0.0,0.0,0.0,0.0,0.0,0.0,0.0,0.0,0.0,0.0,0.0,0.0,0.0,0.0,0.0,0.0,0.0,0.0,0.0,0.0,0.0,0.0,0.0,0.0
0.0,0.0,0.0,0.0,0.0,0.0,0.0,0.0,0.0,0.0,0.0,0.0,0.0,0.0,0.0,0.0,0.0,0.0,0.0,0.0,0.0,0.0,0.0,0.0
0.0,0.0,0.0,0.0,0.0,0.0,0.0,0.0,0.0,0.0,0.0,0.0,0.0,0.0,0.0,0.0,0.0,0.0,0.0,0.0,0.0,0.0,0.0,0.0
0.0,0.0,0.0,0.0,0.0,0.0,0.0,0.0,0.0,0.0,0.0,0.0,0.0,0.0,0.0,0.0,0.0,0.0,0.0,0.0,0.0,0.0,0.0,0.0
0.0,0.0,0.0,0.0,0.0,0.0,0.0,0.0,0.0,0.0,0.0,0.0,0.0,0.0,0.0,0.0,0.0,0.0,0.0,0.0,0.0,0.0,0.0,0.0
0.0,0.0,0.0,0.0,0.0,0.0,0.0,0.0,0.0,0.0,0.0,0.0,0.0,0.0,0.0,0.0,0.0,0.0,0.0,0.0,0.0,0.0,0.0,0.0
0.0,0.0,0.0,0.0,0.0,0.0,0.0,0.0,0.0,0.0,0.0,0.0,0.0,0.0,0.0,0.0,0.0,0.0,0.0,0.0,0.0,0.0,0.0,0.0
0.0,0.0,0.0,0.0,0.0,0.0,0.0,0.0,0.0,0.0,0.0,0.0,0.0,0.0,0.0,0.0,0.0,0.0,0.0,0.0,0.0,0.0,0.0,0.0
0.0,0.0,0.0,0.0,0.0,0.0,0.0,0.0,0.0,0.0,0.0,0.0,0.0,0.0,0.0,0.0,0.0,0.0,0.0,0.0,0.0,0.0,0.0,0.0
0.0,0.0,0.0,0.0,0.0,0.0,0.0,0.0,0.0,0.0,0.0,0.0,0.0,0.0,0.0,0.0,0.0,0.0,0.0,0.0,0.0,0.0,0.0,0.0
0.0,0.0,0.0,0.0,0.0,0.0,0.0,0.0,0.0,0.0,0.0,0.0,0.0,0.0,0.0,0.0,0.0,0.0,0.0,0.0,0.0,0.0,0.0,0.0
0.0,0.0,0.0,0.0,0.0,0.0,0.0,0.0,0.0,0.0,0.0,0.0,0.0,0.0,0.0,0.0,0.0,0.0,0.0,0.0,0.0,0.0,0.0,0.0
0.0,0.0,0.0,0.0,0.0,0.0,0.0,0.0,0.0,0.0,0.0,0.0,0.0,0.0,0.0,0.0,0.0,0.0,0.0,0.0,0.0,0.0,0.0,0.0
0.0,0.0,0.0,0.0,0.0,0.0,0.0,0.0,0.0,0.0,0.0,0.0,0.0,0.0,0.0,0.0,0.0,0.0,0.0,0.0,0.0,0.0,0.0,0.0
0.0,0.0,0.0,0.0,0.0,0.0,0.0,0.0,0.0,0.0,0.0,0.0,0.0,0.0,0.0,0.0,0.0,0.0,0.0,0.0,0.0,0.0,0.0,0.0
0.0,0.0,0.0,0.0,0.0,0.0,0.0,0.0,0.0,0.0,0.0,0.0,0.0,0.0,0.0,0.0,0.0,0.0,0.0,0.0,0.0,0.0,0.0,0.0
0.0,0.0,0.0,0.0,0.0,0.0,0.0,-20941.0,48382.52,0.0,0.0,0.0,0.0,162.07,0.0,0.0,0.0,0.0,644.63,0.0,0.0,0.0,0.0,0.0
0.0,0.0,0.0,0.0,0.0,0.0,0.0,0.0,48382.52,0.0,0.0,0.0,0.0,162.07,0.0,0.0,0.0,0.0,644.63,0.0,0.0,0.0,0.0,0.0
0.0,0.0,0.0,0.0,0.0,0.0,0.0,0.0,48382.52,0.0,0.0,0.0,0.0,162.07,0.0,0.0,0.0,0.0,644.63,0.0,0.0,0.0,0.0,0.0
0.0,0.0,0.0,0.0,0.0,0.0,0.0,0.0,48382.52,0.0,0.0,0.0,0.0,162.07,0.0,0.0,0.0,0.0,644.63,0.0,0.0,0.0,0.0,0.0
0.0,0.0,0.0,0.0,0.0,0.0,0.0,0.0,48382.52,0.0,0.0,0.0,0.0,162.07,0.0,0.0,0.0,0.0,644.63,0.0,0.0,0.0,0.0,0.0
0.0,0.0,0.0,0.0,0.0,0.0,0.0,0.0,48382.52,0.0,0.0,0.0,0.0,162.07,0.0,0.0,0.0,0.0,644.63,0.0,0.0,0.0,0.0,0.0
0.0,0.0,0.0,0.0,0.0,0.0,0.0,0.0,48382.52,0.0,0.0,0.0,0.0,162.07,0.0,0.0,0.0,0.0,644.63,0.0,0.0,0.0,0.0,0.0
0.0,0.0,0.0,0.0,0.0,0.0,0.0,0.0,48382.52,0.0,0.0,0.0,0.0,162.07,0.0,0.0,0.0,0.0,644.63,0.0,0.0,0.0,0.0,0.0
0.0,0.0,0.0,0.0,0.0,0.0,0.0,0.0,48382.52,0.0,0.0,0.0,0.0,162.07,0.0,0.0,0.0,0.0,644.63,0.0,0.0,0.0,0.0,0.0
0.0,0.0,0.0,0.0,0.0,0.0,0.0,0.0,48382.52,0.0,0.0,0.0,0.0,162.07,0.0,0.0,0.0,0.0,644.63,0.0,0.0,0.0,0.0,0.0
0.0,0.0,0.0,0.0,0.0,0.0,0.0,0.0,48382.52,0.0,0.0,0.0,0.0,162.07,0.0,0.0,0.0,0.0,644.63,0.0,0.0,0.0,0.0,0.0
0.0,0.0,0.0,0.0,0.0,0.0,0.0,0.0,48382.52,0.0,0.0,0.0,0.0,162.07,0.0,0.0,0.0,0.0,644.63,0.0,0.0,0.0,0.0,0.0
0.0,0.0,0.0,0.0,0.0,0.0,0.0,0.0,48382.52,0.0,0.0,0.0,0.0,162.07,0.0,0.0,0.0,0.0,644.63,0.0,0.0,0.0,0.0,0.0
0.0,0.0,0.0,0.0,0.0,0.0,0.0,0.0,48382.52,0.0,0.0,0.0,0.0,162.07,0.0,0.0,0.0,0.0,644.63,0.0,0.0,0.0,0.0,0.0
0.0,0.0,0.0,0.0,0.0,0.0,0.0,0.0,48382.52,0.0,0.0,0.0,0.0,162.07,0.0,0.0,0.0,0.0,644.63,0.0,0.0,0.0,0.0,0.0
0.0,0.0,0.0,0.0,0.0,0.0,0.0,0.0,48382.52,0.0,0.0,0.0,0.0,162.07,0.0,0.0,0.0,0.0,644.63,0.0,0.0,0.0,0.0,0.0
0.0,0.0,0.0,0.0,0.0,0.0,0.0,0.0,48382.52,0.0,0.0,0.0,0.0,162.07,0.0,0.0,0.0,0.0,644.63,0.0,0.0,0.0,0.0,0.0
0.0,0.0,0.0,0.0,0.0,0.0,0.0,0.0,48382.52,0.0,0.0,0.0,0.0,162.07,0.0,0.0,0.0,0.0,644.63,0.0,0.0,0.0,0.0,0.0
0.0,0.0,0.0,0.0,0.0,0.0,0.0,0.0,48382.52,0.0,0.0,0.0,0.0,162.07,0.0,0.0,0.0,0.0,644.63,0.0,0.0,0.0,0.0,0.0
0.0,0.0,0.0,0.0,0.0,0.0,0.0,0.0,48382.52,0.0,0.0,0.0,0.0,162.07,0.0,0.0,0.0,0.0,644.63,0.0,0.0,0.0,0.0,0.0
0.0,0.0,0.0,0.0,0.0,0.0,0.0,0.0,48382.52,0.0,0.0,0.0,0.0,162.07,0.0,0.0,0.0,0.0,644.63,0.0,0.0,0.0,0.0,0.0
0.0,0.0,0.0,0.0,0.0,0.0,0.0,0.0,48382.52,0.0,379.93,151.2,0.0,162.07,0.0,0.0,0.0,0.0,644.63,0.0,0.0,0.0,0.0,0.0
0.0,0.0,0.0,0.0,0.0,0.0,0.0,0.0,48382.52,0.0,379.93,151.2,0.0,162.07,0.0,0.0,0.0,0.0,644.63,0.0,0.0,0.0,0.0,0.0
0.0,0.0,0.0,0.0,0.0,0.0,0.0,0.0,48382.52,0.0,379.93,151.2,0.0,162.07,0.0,0.0,0.0,0.0,644.63,0.0,0.0,0.0,0.0,0.0
0.0,0.0,0.0,0.0,0.0,0.0,0.0,0.0,48382.52,0.0,379.93,151.2,0.0,162.07,0.0,0.0,0.0,0.0,644.63,0.0,0.0,0.0,0.0,0.0
0.0,0.0,0.0,0.0,0.0,0.0,0.0,0.0,48382.52,0.0,379.93,151.2,0.0,162.07,0.0,0.0,0.0,0.0,644.63,0.0,0.0,0.0,0.0,0.0
0.0,0.0,0.0,0.0,0.0,0.0,0.0,0.0,48382.52,0.0,379.93,151.2,0.0,162.07,0.0,0.0,0.0,0.0,644.63,0.0,0.0,0.0,0.0,0.0
0.0,0.0,0.0,0.0,0.0,0.0,0.0,0.0,48382.52,0.0,379.93,151.2,0.0,162.07,0.0,0.0,0.0,0.0,644.63,0.0,0.0,0.0,0.0,0.0
0.0,0.0,0.0,0.0,0.0,0.0,0.0,0.0,48382.52,0.0,379.93,151.2,0.0,162.07,0.0,0.0,0.0,0.0,644.63,0.0,0.0,0.0,0.0,0.0
0.0,0.0,0.0,0.0,0.0,0.0,0.0,0.0,48382.52,0.0,379.93,151.2,0.0,162.07,0.0,0.0,0.0,0.0,644.63,0.0,0.0,0.0,0.0,0.0
0.0,0.0,0.0,0.0,0.0,0.0,0.0,0.0,48382.52,0.0,379.93,151.2,0.0,162.07,0.0,0.0,0.0,0.0,644.63,0.0,0.0,0.0,0.0,0.0
0.0,0.0,0.0,0.0,0.0,0.0,0.0,0.0,48382.52,0.0,379.93,151.2,0.0,162.07,0.0,0.0,0.0,0.0,644.63,0.0,0.0,0.0,0.0,0.0
0.0,0.0,0.0,0.0,0.0,0.0,0.0,0.0,48382.52,0.0,379.93,151.2,0.0,162.07,0.0,0.0,0.0,0.0,644.63,0.0,0.0,0.0,0.0,0.0
0.0,0.0,0.0,0.0,0.0,0.0,0.0,0.0,48382.52,0.0,379.93,151.2,0.0,162.07,0.0,0.0,0.0,0.0,644.63,0.0,0.0,0.0,0.0,0.0
0.0,0.0,0.0,0.0,0.0,0.0,0.0,0.0,48382.52,0.0,379.93,151.2,0.0,162.07,0.0,0.0,0.0,0.0,644.63,0.0,0.0,0.0,0.0,0.0
0.0,0.0,0.0,0.0,0.0,0.0,0.0,0.0,48382.52,0.0,379.93,151.2,0.0,162.07,0.0,0.0,0.0,0.0,644.63,0.0,0.0,0.0,0.0,0.0
0.0,0.0,0.0,0.0,0.0,0.0,0.0,0.0,48382.52,0.0,379.93,151.2,0.0,162.07,0.0,0.0,0.0,0.0,644.63,0.0,0.0,0.0,0.0,0.0
0.0,0.0,0.0,0.0,0.0,0.0,0.0,0.0,48382.52,0.0,379.93,151.2,0.0,162.07,0.0,0.0,0.0,0.0,644.63,0.0,0.0,0.0,0.0,0.0
0.0,0.0,0.0,0.0,0.0,0.0,0.0,0.0,48382.52,0.0,379.93,151.2,0.0,162.07,0.0,0.0,0.0,0.0,644.63,0.0,0.0,0.0,0.0,0.0
0.0,0.0,0.0,0.0,0.0,0.0,0.0,0.0,48382.52,0.0,379.93,151.2,0.0,162.07,0.0,0.0,0.0,0.0,644.63,0.0,0.0,0.0,0.0,0.0
0.0,0.0,0.0,0.0,0.0,0.0,0.0,0.0,48382.52,0.0,379.93,151.2,0.0,162.07,0.0,0.0,0.0,0.0,644.63,0.0,0.0,0.0,0.0,0.0
0.0,0.0,0.0,0.0,0.0,0.0,0.0,0.0,48382.52,0.0,379.93,151.2,0.0,162.07,0.0,0.0,0.0,0.0,644.63,0.0,0.0,0.0,0.0,0.0
0.0,0.0,0.0,0.0,0.0,0.0,0.0,0.0,48382.52,0.0,379.93,151.2,0.0,162.07,0.0,0.0,0.0,0.0,644.63,0.0,0.0,0.0,0.0,0.0
0.0,0.0,0.0,0.0,0.0,0.0,0.0,0.0,48382.52,0.0,379.93,151.2,0.0,162.07,0.0,0.0,0.0,0.0,644.63,0.0,0.0,0.0,0.0,0.0
0.0,0.0,0.0,0.0,0.0,0.0,0.0,0.0,48382.52,0.0,379.93,151.2,0.0,162.07,0.0,0.0,0.0,0.0,644.63,0.0,0.0,0.0,0.0,0.0
0.0,0.0,0.0,0.0,0.0,0.0,0.0,0.0,48382.52,0.0,379.93,151.2,0.0,162.07,0.0,0.0,0.0,0.0,644.63,0.0,0.0,0.0,0.0,0.0
0.0,0.0,0.0,0.0,0.0,0.0,0.0,0.0,48382.52,0.0,379.93,151.2,0.0,162.07,0.0,0.0,0.0,0.0,644.63,0.0,0.0,0.0,0.0,0.0
0.0,0.0,0.0,0.0,0.0,0.0,0.0,0.0,48382.52,0.0,379.93,151.2,0.0,162.07,0.0,0.0,0.0,0.0,644.63,0.0,0.0,0.0,0.0,0.0
0.0,0.0,0.0,0.0,0.0,0.0,0.0,0.0,48382.52,0.0,379.93,151.2,0.0,162.07,0.0,0.0,0.0,0.0,644.63,0.0,0.0,0.0,0.0,0.0
0.0,0.0,0.0,0.0,0.0,0.0,0.0,0.0,48382.52,0.0,379.93,151.2,0.0,162.07,0.0,0.0,0.0,0.0,644.63,0.0,0.0,0.0,0.0,0.0
0.0,0.0,0.0,0.0,0.0,0.0,0.0,0.0,48382.52,0.0,379.93,151.2,0.0,162.07,0.0,0.0,0.0,0.0,644.63,0.0,0.0,0.0,0.0,0.0
0.0,0.0,0.0,0.0,0.0,0.0,0.0,0.0,48382.52,0.0,379.93,151.2,0.0,162.07,0.0,0.0,0.0,0.0,644.63,0.0,0.0,0.0,0.0,0.0
0.0,0.0,0.0,0.0,0.0,0.0,0.0,0.0,48382.52,0.0,379.93,151.2,0.0,162.07,0.0,0.0,0.0,0.0,644.63,0.0,0.0,0.0,0.0,0.0
0.0,0.0,0.0,0.0,0.0,0.0,0.0,0.0,48382.52,0.0,379.93,151.2,0.0,162.07,0.0,0.0,0.0,0.0,644.63,0.0,0.0,0.0,0.0,0.0
0.0,0.0,0.0,0.0,0.0,0.0,0.0,0.0,48382.52,0.0,379.93,151.2,0.0,162.07,0.0,0.0,0.0,0.0,644.63,0.0,0.0,0.0,0.0,0.0
0.0,0.0,0.0,0.0,0.0,0.0,0.0,0.0,48382.52,0.0,379.93,151.2,0.0,162.07,0.0,0.0,0.0,0.0,644.63,0.0,0.0,0.0,0.0,0.0
0.0,0.0,0.0,0.0,0.0,0.0,0.0,0.0,48382.52,0.0,379.93,151.2,0.0,162.07,0.0,0.0,0.0,0.0,644.63,0.0,0.0,0.0,0.0,0.0
0.0,0.0,0.0,0.0,0.0,0.0,0.0,0.0,48382.52,0.0,379.93,151.2,0.0,162.07,0.0,0.0,0.0,0.0,644.63,0.0,0.0,0.0,0.0,0.0
0.0,0.0,0.0,0.0,0.0,0.0,0.0,0.0,48382.52,0.0,379.93,151.2,0.0,162.07,0.0,0.0,0.0,0.0,644.63,0.0,0.0,0.0,0.0,0.0
0.0,0.0,0.0,0.0,0.0,0.0,0.0,0.0,48382.52,0.0,379.93,151.2,0.0,162.07,0.0,0.0,0.0,0.0,644.63,0.0,0.0,0.0,0.0,0.0
0.0,0.0,0.0,0.0,0.0,0.0,0.0,0.0,48382.52,0.0,379.93,151.2,0.0,162.07,0.0,0.0,0.0,0.0,644.63,0.0,0.0,0.0,0.0,0.0
0.0,0.0,0.0,0.0,0.0,0.0,0.0,0.0,48382.52,0.0,379.93,151.2,0.0,162.07,0.0,0.0,0.0,0.0,644.63,0.0,0.0,0.0,0.0,0.0
0.0,0.0,0.0,0.0,0.0,0.0,0.0,0.0,48382.52,0.0,379.93,151.2,0.0,162.07,0.0,0.0,0.0,0.0,644.63,0.0,0.0,0.0,0.0,0.0
0.0,0.0,0.0,0.0,0.0,0.0,0.0,0.0,48382.52,0.0,379.93,151.2,0.0,162.07,0.0,0.0,0.0,0.0,644.63,0.0,0.0,0.0,0.0,0.0
0.0,0.0,0.0,0.0,0.0,0.0,0.0,0.0,48382.52,0.0,379.93,151.2,0.0,162.07,0.0,0.0,0.0,0.0,644.63,0.0,0.0,0.0,0.0,0.0
0.0,0.0,0.0,0.0,0.0,0.0,0.0,0.0,48382.52,0.0,379.93,151.2,0.0,162.07,0.0,0.0,0.0,0.0,644.63,0.0,0.0,0.0,0.0,0.0
0.0,0.0,0.0,0.0,0.0,0.0,0.0,0.0,48382.52,0.0,379.93,151.2,0.0,162.07,0.0,0.0,0.0,0.0,644.63,0.0,0.0,0.0,0.0,0.0
0.0,0.0,0.0,0.0,0.0,0.0,0.0,0.0,48382.52,0.0,379.93,151.2,0.0,162.07,0.0,0.0,0.0,0.0,644.63,0.0,0.0,0.0,0.0,0.0
0.0,0.0,0.0,0.0,0.0,0.0,0.0,0.0,48382.52,0.0,379.93,151.2,0.0,162.07,0.0,0.0,0.0,0.0,644.63,0.0,0.0,0.0,0.0,0.0
0.0,0.0,0.0,0.0,0.0,0.0,0.0,0.0,48382.52,0.0,379.93,151.2,0.0,162.07,0.0,0.0,0.0,0.0,644.63,0.0,0.0,0.0,0.0,0.0
0.0,0.0,0.0,0.0,0.0,0.0,0.0,0.0,48382.52,0.0,379.93,151.2,0.0,162.07,0.0,0.0,0.0,0.0,644.63,0.0,0.0,0.0,0.0,0.0
0.0,0.0,0.0,0.0,0.0,0.0,0.0,0.0,48382.52,0.0,379.93,151.2,0.0,162.07,0.0,0.0,0.0,0.0,644.63,0.0,0.0,0.0,0.0,0.0
0.0,0.0,0.0,0.0,0.0,0.0,0.0,0.0,48382.52,0.0,379.93,151.2,0.0,162.07,0.0,0.0,0.0,0.0,644.63,0.0,0.0,0.0,0.0,0.0
0.0,0.0,0.0,0.0,0.0,0.0,0.0,0.0,48382.52,0.0,379.93,151.2,0.0,162.07,0.0,0.0,0.0,0.0,644.63,0.0,0.0,0.0,0.0,0.0
0.0,0.0,0.0,0.0,0.0,0.0,0.0,0.0,48382.52,0.0,379.93,151.2,0.0,162.07,0.0,0.0,0.0,0.0,644.63,0.0,0.0,0.0,0.0,0.0
0.0,0.0,0.0,0.0,0.0,0.0,0.0,0.0,48382.52,0.0,379.93,151.2,0.0,162.07,0.0,0.0,0.0,0.0,644.63,0.0,0.0,0.0,0.0,0.0
0.0,0.0,0.0,0.0,0.0,0.0,0.0,0.0,48382.52,0.0,379.93,151.2,0.0,162.07,0.0,0.0,0.0,0.0,644.63,0.0,0.0,0.0,0.0,0.0
0.0,0.0,0.0,0.0,0.0,0.0,0.0,0.0,48382.52,0.0,379.93,151.2,0.0,162.07,0.0,0.0,0.0,0.0,644.63,0.0,0.0,0.0,0.0,0.0
0.0,0.0,0.0,0.0,0.0,0.0,0.0,0.0,48382.52,0.0,379.93,151.2,0.0,162.07,0.0,0.0,0.0,0.0,644.63,0.0,0.0,0.0,0.0,0.0
0.0,0.0,0.0,0.0,0.0,0.0,0.0,0.0,48382.52,0.0,379.93,151.2,0.0,162.07,0.0,0.0,0.0,0.0,644.63,0.0,0.0,0.0,0.0,0.0
0.0,0.0,0.0,0.0,0.0,0.0,0.0,0.0,48382.52,0.0,379.93,151.2,0.0,162.07,0.0,0.0,0.0,0.0,644.63,0.0,0.0,0.0,0.0,0.0
0.0,0.0,0.0,0.0,0.0,0.0,0.0,0.0,48382.52,0.0,379.93,151.2,0.0,162.07,0.0,0.0,0.0,0.0,644.63,0.0,0.0,0.0,0.0,0.0
0.0,0.0,0.0,0.0,0.0,0.0,0.0,0.0,48382.52,0.0,379.93,151.2,0.0,162.07,0.0,0.0,0.0,0.0,644.63,0.0,0.0,0.0,0.0,0.0
0.0,0.0,0.0,0.0,0.0,0.0,0.0,0.0,48382.52,0.0,379.93,151.2,0.0,162.07,0.0,0.0,0.0,0.0,644.63,0.0,0.0,0.0,0.0,0.0
0.0,0.0,0.0,0.0,0.0,0.0,0.0,0.0,48382.52,0.0,379.93,151.2,0.0,162.07,0.0,0.0,0.0,0.0,644.63,0.0,0.0,0.0,0.0,0.0
0.0,0.0,0.0,0.0,0.0,0.0,0.0,0.0,48382.52,0.0,379.93,151.2,0.0,162.07,0.0,0.0,0.0,0.0,644.63,0.0,0.0,0.0,0.0,0.0
0.0,0.0,0.0,0.0,0.0,0.0,0.0,0.0,48382.52,0.0,379.93,151.2,0.0,162.07,0.0,0.0,0.0,0.0,644.63,0.0,0.0,0.0,0.0,0.0
0.0,0.0,0.0,0.0,0.0,0.0,0.0,0.0,48382.52,0.0,379.93,151.2,0.0,162.07,0.0,0.0,0.0,0.0,644.63,0.0,0.0,0.0,0.0,0.0
0.0,0.0,0.0,0.0,0.0,0.0,0.0,0.0,48382.52,0.0,379.93,151.2,0.0,162.07,0.0,0.0,0.0,0.0,644.63,0.0,0.0,0.0,0.0,0.0
0.0,0.0,0.0,0.0,0.0,0.0,0.0,0.0,48382.52,0.0,379.93,151.2,0.0,162.07,0.0,0.0,0.0,0.0,644.63,0.0,0.0,0.0,0.0,0.0
0.0,0.0,0.0,0.0,0.0,0.0,0.0,0.0,48382.52,0.0,379.93,151.2,0.0,162.07,0.0,0.0,0.0,0.0,644.63,0.0,0.0,0.0,0.0,0.0
0.0,0.0,0.0,0.0,0.0,0.0,0.0,0.0,48382.52,0.0,379.93,151.2,0.0,162.07,0.0,0.0,0.0,0.0,644.63,0.0,0.0,0.0,0.0,0.0
0.0,0.0,0.0,0.0,0.0,0.0,0.0,0.0,48382.52,0.0,379.93,151.2,0.0,162.07,0.0,0.0,0.0,0.0,644.63,0.0,0.0,0.0,0.0,0.0
0.0,0.0,0.0,0.0,0.0,0.0,0.0,0.0,48382.52,0.0,379.93,151.2,0.0,162.07,0.0,0.0,0.0,0.0,644.63,0.0,0.0,0.0,0.0,0.0
0.0,0.0,0.0,0.0,0.0,0.0,0.0,0.0,48382.52,0.0,379.93,151.2,0.0,162.07,0.0,0.0,0.0,0.0,644.63,0.0,0.0,0.0,0.0,0.0
0.0,0.0,0.0,0.0,0.0,0.0,0.0,0.0,48382.52,0.0,379.93,151.2,0.0,162.07,0.0,0.0,0.0,0.0,644.63,0.0,0.0,0.0,0.0,0.0
0.0,0.0,0.0,0.0,0.0,0.0,0.0,0.0,48382.52,0.0,379.93,151.2,0.0,162.07,0.0,0.0,0.0,0.0,644.63,0.0,0.0,0.0,0.0,0.0
0.0,0.0,0.0,0.0,0.0,0.0,0.0,0.0,48382.52,0.0,379.93,151.2,0.0,162.07,0.0,0.0,0.0,0.0,644.63,0.0,0.0,0.0,0.0,0.0
0.0,0.0,0.0,0.0,0.0,0.0,0.0,0.0,48382.52,0.0,379.93,151.2,0.0,162.07,0.0,0.0,0.0,0.0,644.63,0.0,0.0,0.0,0.0,0.0
0.0,0.0,0.0,0.0,0.0,0.0,0.0,0.0,48382.52,0.0,379.93,151.2,0.0,162.07,0.0,0.0,0.0,0.0,644.63,0.0,0.0,0.0,0.0,0.0
0.0,0.0,0.0,0.0,0.0,0.0,0.0,0.0,48382.52,0.0,379.93,151.2,0.0,162.07,0.0,0.0,0.0,0.0,644.63,0.0,0.0,0.0,0.0,0.0
0.0,0.0,0.0,0.0,0.0,0.0,0.0,0.0,48382.52,0.0,379.93,151.2,0.0,162.07,0.0,0.0,0.0,0.0,644.63,0.0,0.0,0.0,0.0,0.0
0.0,0.0,0.0,0.0,0.0,0.0,0.0,0.0,48382.52,0.0,379.93,151.2,0.0,162.07,0.0,0.0,0.0,0.0,644.63,0.0,0.0,0.0,0.0,0.0
0.0,0.0,0.0,0.0,0.0,0.0,0.0,0.0,48382.52,0.0,379.93,151.2,0.0,162.07,0.0,0.0,0.0,0.0,644.63,0.0,0.0,0.0,0.0,0.0
0.0,0.0,0.0,0.0,0.0,0.0,0.0,0.0,48382.52,0.0,379.93,151.2,0.0,162.07,0.0,0.0,0.0,0.0,644.63,0.0,0.0,0.0,0.0,0.0
0.0,0.0,0.0,0.0,0.0,0.0,0.0,0.0,48382.52,0.0,379.93,151.2,0.0,162.07,0.0,0.0,0.0,0.0,644.63,0.0,0.0,0.0,0.0,0.0
0.0,0.0,0.0,0.0,0.0,0.0,0.0,0.0,48382.52,0.0,379.93,151.2,0.0,162.07,0.0,0.0,0.0,0.0,644.63,501.0,0.0,0.0,0.0,0.0
0.0,0.0,0.0,0.0,0.0,0.0,0.0,0.0,48382.52,0.0,379.93,151.2,0.0,162.07,0.0,0.0,0.0,0.0,644.63,501.0,0.0,0.0,0.0,0.0
0.0,0.0,0.0,0.0,0.0,0.0,0.0,0.0,48382.52,0.0,379.93,151.2,0.0,162.07,0.0,0.0,0.0,0.0,644.63,501.0,0.0,0.0,0.0,0.0
0.0,0.0,0.0,0.0,0.0,0.0,0.0,0.0,48382.52,0.0,379.93,151.2,0.0,162.07,0.0,0.0,0.0,0.0,644.63,501.0,0.0,0.0,0.0,0.0
0.0,0.0,0.0,0.0,0.0,0.0,0.0,0.0,48382.52,0.0,379.93,151.2,0.0,162.07,0.0,0.0,0.0,0.0,644.63,501.0,0.0,0.0,0.0,0.0
0.0,0.0,0.0,0.0,0.0,0.0,0.0,0.0,48382.52,0.0,379.93,151.2,0.0,162.07,0.0,0.0,0.0,0.0,644.63,501.0,0.0,0.0,0.0,0.0
0.0,0.0,0.0,0.0,0.0,0.0,0.0,0.0,48382.52,0.0,379.93,151.2,0.0,162.07,0.0,0.0,0.0,0.0,644.63,501.0,0.0,0.0,0.0,0.0
0.0,0.0,0.0,0.0,0.0,0.0,0.0,0.0,48382.52,0.0,379.93,151.2,0.0,162.07,0.0,0.0,0.0,0.0,644.63,501.0,0.0,0.0,0.0,0.0
0.0,0.0,0.0,0.0,0.0,0.0,0.0,0.0,48382.52,0.0,379.93,151.2,0.0,162.07,0.0,0.0,0.0,0.0,644.63,501.0,0.0,0.0,0.0,0.0
0.0,0.0,0.0,0.0,0.0,0.0,0.0,0.0,48382.52,0.0,379.93,151.2,0.0,162.07,0.0,0.0,0.0,0.0,644.63,501.0,0.0,0.0,0.0,0.0
0.0,0.0,0.0,0.0,0.0,0.0,0.0,0.0,48382.52,0.0,379.93,151.2,0.0,162.07,0.0,0.0,0.0,0.0,644.63,501.0,0.0,0.0,0.0,0.0
0.0,0.0,0.0,0.0,0.0,0.0,0.0,0.0,48382.52,0.0,379.93,151.2,0.0,162.07,0.0,0.0,0.0,0.0,644.63,501.0,0.0,0.0,0.0,0.0
0.0,0.0,0.0,0.0,0.0,0.0,0.0,0.0,48382.52,0.0,379.93,151.2,0.0,162.07,0.0,0.0,0.0,0.0,644.63,501.0,0.0,0.0,0.0,0.0
0.0,0.0,0.0,0.0,0.0,0.0,0.0,0.0,48382.52,0.0,379.93,151.2,0.0,162.07,0.0,0.0,0.0,0.0,644.63,501.0,0.0,0.0,0.0,0.0
0.0,0.0,0.0,0.0,0.0,0.0,0.0,0.0,48382.52,0.0,379.93,151.2,0.0,162.07,0.0,0.0,0.0,0.0,644.63,501.0,0.0,0.0,0.0,0.0
0.0,0.0,0.0,0.0,0.0,0.0,0.0,0.0,48382.52,0.0,379.93,151.2,0.0,162.07,0.0,0.0,0.0,0.0,644.63,501.0,0.0,0.0,0.0,0.0
0.0,0.0,0.0,0.0,0.0,0.0,0.0,0.0,48382.52,0.0,379.93,151.2,0.0,162.07,0.0,0.0,0.0,0.0,644.63,501.0,0.0,0.0,0.0,0.0
0.0,0.0,0.0,0.0,0.0,0.0,0.0,0.0,48382.52,0.0,379.93,151.2,0.0,162.07,0.0,0.0,0.0,0.0,644.63,501.0,0.0,0.0,0.0,0.0
0.0,0.0,0.0,0.0,0.0,0.0,0.0,0.0,48382.52,0.0,379.93,151.2,0.0,162.07,0.0,0.0,0.0,0.0,644.63,501.0,0.0,0.0,0.0,0.0
0.0,0.0,0.0,0.0,0.0,0.0,0.0,0.0,48382.52,0.0,379.93,151.2,0.0,162.07,0.0,0.0,0.0,0.0,644.63,501.0,0.0,0.0,0.0,0.0
0.0,0.0,0.0,0.0,0.0,0.0,0.0,0.0,48382.52,0.0,379.93,151.2,0.0,162.07,0.0,0.0,0.0,0.0,644.63,501.0,0.0,0.0,0.0,0.0
0.0,0.0,0.0,0.0,0.0,0.0,0.0,0.0,48382.52,0.0,379.93,151.2,0.0,162.07,0.0,0.0,0.0,0.0,644.63,501.0,0.0,0.0,0.0,0.0
0.0,0.0,0.0,0.0,0.0,0.0,0.0,0.0,48382.52,0.0,379.93,151.2,0.0,162.07,0.0,0.0,0.0,0.0,644.63,501.0,0.0,0.0,0.0,0.0
0.0,0.0,0.0,0.0,0.0,0.0,0.0,0.0,48382.52,0.0,379.93,151.2,0.0,162.07,0.0,0.0,0.0,0.0,644.63,501.0,0.0,0.0,0.0,0.0
0.0,0.0,0.0,0.0,0.0,0.0,0.0,0.0,48382.52,0.0,379.93,151.2,0.0,162.07,0.0,0.0,0.0,0.0,644.63,501.0,0.0,0.0,0.0,0.0
0.0,0.0,0.0,0.0,0.0,0.0,0.0,0.0,48382.52,0.0,379.93,151.2,0.0,162.07,0.0,0.0,0.0,0.0,644.63,501.0,0.0,0.0,0.0,0.0
0.0,0.0,0.0,0.0,0.0,0.0,0.0,0.0,48382.52,0.0,379.93,151.2,0.0,162.07,0.0,0.0,0.0,0.0,644.63,501.0,0.0,0.0,0.0,0.0
0.0,0.0,0.0,0.0,0.0,0.0,0.0,0.0,48382.52,0.0,379.93,151.2,0.0,162.07,0.0,0.0,0.0,0.0,644.63,501.0,0.0,0.0,0.0,0.0
0.0,0.0,0.0,0.0,0.0,0.0,0.0,0.0,48382.52,0.0,379.93,151.2,0.0,162.07,0.0,0.0,0.0,0.0,644.63,501.0,0.0,0.0,0.0,0.0
0.0,0.0,0.0,0.0,0.0,0.0,0.0,0.0,48382.52,0.0,379.93,151.2,0.0,162.07,0.0,0.0,0.0,0.0,644.63,501.0,0.0,0.0,0.0,0.0
0.0,0.0,0.0,0.0,0.0,0.0,0.0,0.0,48382.52,0.0,379.93,151.2,0.0,162.07,0.0,0.0,0.0,0.0,644.63,501.0,0.0,0.0,0.0,0.0
0.0,0.0,0.0,0.0,0.0,0.0,0.0,0.0,48382.52,0.0,379.93,151.2,0.0,162.07,0.0,0.0,0.0,0.0,644.63,501.0,0.0,0.0,0.0,0.0
0.0,0.0,0.0,0.0,0.0,0.0,0.0,0.0,48382.52,0.0,379.93,151.2,0.0,162.07,0.0,0.0,0.0,0.0,644.63,501.0,0.0,0.0,0.0,0.0
0.0,0.0,0.0,0.0,0.0,0.0,0.0,0.0,48382.52,0.0,379.93,151.2,0.0,162.07,0.0,0.0,0.0,0.0,644.63,501.0,0.0,0.0,0.0,0.0
0.0,0.0,0.0,0.0,0.0,0.0,0.0,0.0,48382.52,0.0,379.93,151.2,0.0,162.07,0.0,0.0,0.0,0.0,644.63,501.0,0.0,0.0,0.0,0.0
0.0,0.0,0.0,0.0,0.0,0.0,0.0,0.0,48382.52,0.0,379.93,151.2,0.0,162.07,0.0,0.0,0.0,0.0,644.63,501.0,0.0,0.0,0.0,0.0
0.0,0.0,0.0,0.0,0.0,0.0,0.0,0.0,48382.52,0.0,379.93,151.2,0.0,162.07,0.0,0.0,0.0,0.0,644.63,501.0,0.0,0.0,0.0,0.0
0.0,0.0,0.0,0.0,0.0,0.0,0.0,0.0,48382.52,0.0,379.93,151.2,0.0,162.07,0.0,0.0,0.0,0.0,644.63,501.0,0.0,0.0,0.0,0.0
0.0,0.0,0.0,0.0,0.0,0.0,0.0,0.0,48382.52,0.0,379.93,151.2,0.0,162.07,0.0,0.0,0.0,0.0,644.63,501.0,0.0,0.0,0.0,0.0
0.0,0.0,0.0,0.0,0.0,0.0,0.0,0.0,48382.52,0.0,379.93,151.2,0.0,162.07,0.0,0.0,0.0,0.0,644.63,501.0,0.0,0.0,0.0,0.0
0.0,0.0,0.0,0.0,0.0,0.0,0.0,0.0,48382.52,0.0,379.93,151.2,0.0,162.07,0.0,0.0,0.0,0.0,644.63,501.0,0.0,0.0,0.0,0.0
0.0,0.0,0.0,0.0,0.0,0.0,0.0,0.0,48382.52,0.0,379.93,151.2,0.0,162.07,0.0,0.0,0.0,0.0,644.63,501.0,0.0,0.0,0.0,0.0
0.0,0.0,0.0,0.0,0.0,0.0,0.0,0.0,48382.52,0.0,379.93,151.2,0.0,162.07,0.0,0.0,0.0,0.0,644.63,501.0,0.0,0.0,0.0,0.0
0.0,0.0,0.0,0.0,0.0,0.0,0.0,0.0,48382.52,0.0,379.93,151.2,0.0,162.07,0.0,0.0,0.0,0.0,644.63,501.0,0.0,0.0,0.0,0.0
0.0,0.0,0.0,0.0,0.0,0.0,0.0,0.0,48382.52,0.0,379.93,151.2,0.0,162.07,0.0,0.0,0.0,0.0,644.63,501.0,0.0,0.0,0.0,0.0
0.0,0.0,0.0,0.0,0.0,0.0,0.0,0.0,48382.52,0.0,379.93,151.2,0.0,162.07,0.0,0.0,0.0,0.0,644.63,501.0,0.0,0.0,0.0,0.0
0.0,0.0,0.0,0.0,0.0,0.0,0.0,0.0,48382.52,0.0,379.93,151.2,0.0,162.07,0.0,0.0,0.0,0.0,644.63,501.0,0.0,0.0,0.0,0.0
0.0,0.0,0.0,0.0,0.0,0.0,0.0,0.0,48382.52,0.0,379.93,151.2,0.0,162.07,0.0,0.0,0.0,0.0,644.63,501.0,0.0,0.0,0.0,0.0
0.0,0.0,0.0,0.0,0.0,0.0,0.0,0.0,48382.52,0.0,379.93,151.2,0.0,162.07,0.0,0.0,0.0,0.0,644.63,501.0,0.0,0.0,0.0,0.0
0.0,0.0,0.0,0.0,0.0,0.0,0.0,0.0,48382.52,0.0,379.93,151.2,0.0,162.07,0.0,0.0,0.0,0.0,644.63,501.0,0.0,0.0,0.0,0.0
0.0,0.0,0.0,0.0,0.0,0.0,0.0,0.0,48382.52,0.0,379.93,151.2,0.0,162.07,0.0,0.0,0.0,0.0,644.63,501.0,0.0,0.0,0.0,0.0
0.0,0.0,0.0,0.0,0.0,0.0,0.0,0.0,48382.52,0.0,379.93,151.2,0.0,162.07,0.0,0.0,0.0,0.0,644.63,501.0,0.0,0.0,0.0,0.0
0.0,0.0,0.0,0.0,0.0,0.0,0.0,0.0,48382.52,0.0,379.93,151.2,0.0,162.07,0.0,0.0,0.0,0.0,644.63,501.0,0.0,0.0,0.0,0.0
0.0,0.0,0.0,0.0,0.0,0.0,0.0,0.0,48382.52,0.0,379.93,151.2,0.0,162.07,0.0,0.0,0.0,0.0,644.63,501.0,0.0,0.0,0.0,0.0
0.0,0.0,0.0,0.0,0.0,0.0,0.0,0.0,48382.52,0.0,379.93,151.2,0.0,162.07,0.0,0.0,0.0,0.0,644.63,501.0,0.0,0.0,0.0,0.0
0.0,0.0,0.0,0.0,0.0,0.0,0.0,0.0,48382.52,0.0,379.93,151.2,0.0,162.07,0.0,0.0,0.0,0.0,644.63,501.0,0.0,0.0,0.0,0.0
0.0,0.0,0.0,0.0,0.0,0.0,0.0,0.0,48382.52,0.0,379.93,151.2,0.0,162.07,0.0,0.0,0.0,0.0,644.63,501.0,0.0,0.0,0.0,0.0
0.0,0.0,0.0,0.0,0.0,0.0,0.0,0.0,48382.52,0.0,379.93,151.2,0.0,162.07,0.0,0.0,0.0,0.0,644.63,501.0,0.0,0.0,0.0,0.0
0.0,0.0,0.0,0.0,0.0,0.0,0.0,0.0,48382.52,0.0,379.93,151.2,0.0,162.07,0.0,0.0,0.0,0.0,644.63,501.0,0.0,0.0,0.0,0.0
0.0,0.0,0.0,0.0,0.0,0.0,0.0,0.0,48382.52,0.0,379.93,151.2,0.0,162.07,0.0,0.0,0.0,0.0,644.63,501.0,0.0,0.0,0.0,0.0
0.0,0.0,0.0,0.0,0.0,0.0,0.0,0.0,48382.52,0.0,379.93,151.2,0.0,162.07,0.0,0.0,0.0,0.0,644.63,501.0,0.0,0.0,0.0,0.0
0.0,0.0,0.0,0.0,0.0,0.0,0.0,0.0,48382.52,0.0,379.93,151.2,0.0,162.07,0.0,0.0,0.0,0.0,644.63,501.0,0.0,0.0,0.0,0.0
0.0,0.0,0.0,0.0,0.0,0.0,0.0,0.0,48382.52,0.0,379.93,151.2,0.0,162.07,0.0,0.0,0.0,0.0,644.63,501.0,0.0,0.0,0.0,0.0
0.0,0.0,0.0,0.0,0.0,0.0,0.0,0.0,48382.52,0.0,379.93,151.2,0.0,162.07,0.0,0.0,0.0,0.0,644.63,501.0,0.0,0.0,0.0,0.0
0.0,0.0,0.0,0.0,0.0,0.0,0.0,0.0,48382.52,0.0,379.93,151.2,0.0,162.07,4.6,0.0,0.0,0.0,644.63,501.0,0.0,0.0,0.0,0.0
0.0,0.0,0.0,0.0,0.0,0.0,0.0,0.0,48382.52,0.0,379.93,151.2,0.0,162.07,4.6,0.0,0.0,0.0,644.63,501.0,0.0,0.0,0.0,0.0
0.0,0.0,0.0,0.0,0.0,0.0,0.0,0.0,48382.52,0.0,379.93,151.2,0.0,162.07,4.6,0.0,0.0,0.0,644.63,501.0,0.0,0.0,0.0,0.0
0.0,0.0,0.0,0.0,0.0,0.0,0.0,0.0,48382.52,0.0,379.93,151.2,0.0,162.07,4.6,0.0,0.0,0.0,644.63,501.0,0.0,0.0,0.0,0.0
0.0,0.0,0.0,0.0,0.0,0.0,0.0,0.0,48382.52,0.0,379.93,151.2,0.0,162.07,4.6,0.0,0.0,0.0,644.63,501.0,0.0,0.0,0.0,0.0
0.0,0.0,0.0,0.0,0.0,0.0,0.0,0.0,48382.52,0.0,379.93,151.2,0.0,162.07,4.6,0.0,0.0,0.0,644.63,501.0,0.0,0.0,0.0,0.0
0.0,0.0,0.0,0.0,0.0,0.0,0.0,0.0,48382.52,0.0,379.93,151.2,0.0,162.07,4.6,0.0,0.0,0.0,644.63,501.0,0.0,0.0,0.0,0.0
0.0,0.0,0.0,0.0,0.0,0.0,0.0,0.0,48382.52,0.0,379.93,151.2,0.0,162.07,4.6,0.0,0.0,0.0,644.63,501.0,0.0,0.0,0.0,0.0
0.0,0.0,0.0,0.0,0.0,0.0,0.0,0.0,48382.52,0.0,379.93,151.2,0.0,162.07,4.6,0.0,0.0,0.0,644.63,501.0,0.0,0.0,0.0,0.0
0.0,0.0,0.0,0.0,0.0,0.0,0.0,0.0,48382.52,0.0,379.93,151.2,0.0,162.07,4.6,0.0,0.0,0.0,644.63,501.0,0.0,0.0,0.0,0.0
0.0,0.0,0.0,0.0,0.0,0.0,0.0,0.0,48382.52,0.0,379.93,151.2,0.0,162.07,4.6,0.0,0.0,0.0,644.63,501.0,0.0,0.0,0.0,0.0
0.0,0.0,0.0,0.0,0.0,0.0,0.0,0.0,48382.52,0.0,379.93,151.2,0.0,162.07,4.6,0.0,0.0,0.0,644.63,501.0,0.0,0.0,0.0,0.0
0.0,0.0,0.0,0.0,0.0,0.0,0.0,0.0,48382.52,0.0,379.93,151.2,0.0,162.07,4.6,0.0,0.0,0.0,644.63,501.0,0.0,0.0,0.0,0.0
0.0,0.0,0.0,0.0,0.0,0.0,0.0,0.0,48382.52,0.0,379.93,151.2,0.0,162.07,4.6,0.0,0.0,0.0,644.63,501.0,0.0,0.0,0.0,0.0
0.0,0.0,0.0,0.0,0.0,0.0,0.0,0.0,48382.52,0.0,379.93,151.2,0.0,162.07,4.6,0.0,0.0,0.0,644.63,501.0,0.0,0.0,0.0,0.0
0.0,0.0,0.0,0.0,0.0,0.0,0.0,0.0,48382.52,0.0,379.93,151.2,0.0,162.07,4.6,0.0,0.0,0.0,644.63,501.0,0.0,0.0,0.0,0.0
0.0,0.0,0.0,0.0,0.0,0.0,0.0,0.0,48382.52,0.0,379.93,151.2,0.0,162.07,4.6,0.0,0.0,0.0,644.63,501.0,0.0,0.0,0.0,0.0
0.0,0.0,0.0,0.0,0.0,0.0,0.0,0.0,48382.52,0.0,379.93,151.2,0.0,162.07,4.6,0.0,0.0,0.0,644.63,501.0,0.0,0.0,0.0,0.0
0.0,0.0,0.0,0.0,0.0,0.0,0.0,0.0,48382.52,0.0,379.93,151.2,0.0,162.07,4.6,0.0,0.0,0.0,644.63,501.0,0.0,0.0,0.0,0.0
0.0,0.0,0.0,0.0,0.0,0.0,0.0,0.0,48382.52,0.0,379.93,151.2,0.0,162.07,4.6,0.0,0.0,0.0,644.63,501.0,0.0,0.0,0.0,0.0
0.0,0.0,0.0,0.0,0.0,0.0,0.0,0.0,48382.52,0.0,379.93,151.2,0.0,162.07,4.6,0.0,0.0,0.0,644.63,501.0,0.0,0.0,0.0,0.0
0.0,0.0,0.0,0.0,0.0,0.0,0.0,0.0,48382.52,0.0,379.93,151.2,0.0,162.07,4.6,0.0,0.0,0.0,644.63,501.0,0.0,0.0,0.0,0.0
0.0,0.0,0.0,0.0,0.0,0.0,0.0,0.0,48382.52,0.0,379.93,151.2,0.0,162.07,4.6,0.0,0.0,0.0,644.63,501.0,0.0,0.0,0.0,0.0
0.0,0.0,0.0,0.0,0.0,0.0,0.0,0.0,48382.52,0.0,379.93,151.2,0.0,162.07,4.6,0.0,0.0,0.0,644.63,501.0,0.0,0.0,0.0,0.0
0.0,0.0,0.0,0.0,0.0,0.0,0.0,0.0,48382.52,0.0,379.93,151.2,0.0,162.07,4.6,0.0,0.0,0.0,644.63,501.0,0.0,0.0,0.0,0.0
0.0,0.0,0.0,0.0,0.0,0.0,0.0,0.0,48382.52,0.0,379.93,151.2,0.0,162.07,4.6,0.0,0.0,0.0,644.63,501.0,0.0,0.0,0.0,0.0
0.0,0.0,0.0,0.0,0.0,0.0,0.0,0.0,48382.52,0.0,379.93,151.2,0.0,162.07,4.6,0.0,0.0,0.0,644.63,501.0,0.0,0.0,0.0,0.0
0.0,0.0,0.0,0.0,0.0,0.0,0.0,0.0,48382.52,0.0,379.93,151.2,0.0,162.07,4.6,0.0,0.0,0.0,644.63,501.0,0.0,0.0,0.0,0.0
0.0,0.0,0.0,0.0,0.0,0.0,0.0,0.0,48382.52,0.0,379.93,151.2,0.0,162.07,4.6,0.0,0.0,0.0,644.63,501.0,0.0,0.0,0.0,0.0
0.0,0.0,0.0,0.0,0.0,0.0,0.0,0.0,48382.52,0.0,379.93,151.2,0.0,162.07,4.6,0.0,0.0,0.0,644.63,501.0,0.0,0.0,0.0,0.0
0.0,0.0,0.0,0.0,0.0,0.0,0.0,0.0,48382.52,0.0,379.93,151.2,0.0,162.07,4.6,0.0,0.0,0.0,644.63,501.0,0.0,0.0,0.0,0.0
0.0,0.0,0.0,0.0,0.0,0.0,0.0,0.0,48382.52,0.0,379.93,151.2,0.0,162.07,4.6,0.0,0.0,0.0,644.63,501.0,0.0,0.0,0.0,0.0
0.0,0.0,0.0,0.0,0.0,0.0,0.0,0.0,48382.52,0.0,379.93,151.2,0.0,162.07,4.6,0.0,0.0,0.0,644.63,501.0,0.0,0.0,0.0,0.0
0.0,0.0,0.0,0.0,0.0,0.0,0.0,0.0,48382.52,0.0,379.93,151.2,0.0,162.07,4.6,0.0,0.0,0.0,644.63,501.0,0.0,0.0,0.0,0.0
0.0,0.0,0.0,0.0,0.0,0.0,0.0,0.0,48382.52,0.0,379.93,151.2,0.0,162.07,4.6,0.0,0.0,0.0,644.63,501.0,0.0,0.0,0.0,0.0
0.0,0.0,0.0,0.0,0.0,0.0,0.0,0.0,48382.52,0.0,379.93,151.2,0.0,162.07,4.6,0.0,0.0,0.0,644.63,501.0,0.0,0.0,0.0,0.0
0.0,0.0,0.0,0.0,0.0,0.0,0.0,0.0,48382.52,0.0,379.93,151.2,0.0,162.07,4.6,0.0,0.0,0.0,644.63,501.0,0.0,0.0,0.0,0.0
0.0,0.0,0.0,0.0,0.0,0.0,0.0,0.0,48382.52,0.0,379.93,151.2,0.0,162.07,4.6,0.0,0.0,0.0,644.63,501.0,0.0,0.0,0.0,0.0
0.0,0.0,0.0,0.0,0.0,0.0,0.0,0.0,48382.52,0.0,379.93,151.2,0.0,162.07,4.6,0.0,0.0,0.0,644.63,501.0,0.0,0.0,0.0,0.0
0.0,0.0,0.0,0.0,0.0,0.0,0.0,0.0,48382.52,0.0,379.93,151.2,0.0,162.07,4.6,0.0,0.0,0.0,644.63,501.0,0.0,0.0,0.0,0.0
0.0,0.0,0.0,0.0,0.0,0.0,0.0,0.0,48382.52,0.0,379.93,151.2,0.0,162.07,4.6,0.0,0.0,0.0,644.63,501.0,0.0,0.0,0.0,0.0
0.0,0.0,0.0,0.0,0.0,0.0,0.0,0.0,48382.52,0.0,379.93,151.2,0.0,162.07,4.6,0.0,0.0,0.0,644.63,501.0,0.0,0.0,0.0,0.0
0.0,0.0,0.0,0.0,0.0,0.0,0.0,0.0,48382.52,0.0,379.93,151.2,0.0,162.07,4.6,0.0,0.0,0.0,644.63,501.0,0.0,0.0,0.0,0.0
0.0,0.0,0.0,0.0,0.0,0.0,0.0,0.0,48382.52,0.0,379.93,151.2,0.0,162.07,4.6,0.0,0.0,0.0,644.63,501.0,0.0,0.0,0.0,0.0
0.0,0.0,0.0,0.0,0.0,0.0,0.0,0.0,48382.52,0.0,379.93,151.2,0.0,162.07,4.6,0.0,0.0,0.0,644.63,501.0,0.0,0.0,0.0,0.0
0.0,0.0,0.0,0.0,0.0,0.0,0.0,0.0,48382.52,0.0,379.93,151.2,0.0,162.07,4.6,0.0,0.0,0.0,644.63,501.0,0.0,0.0,0.0,0.0
0.0,0.0,0.0,0.0,0.0,0.0,0.0,0.0,48382.52,0.0,379.93,151.2,0.0,162.07,4.6,0.0,0.0,0.0,644.63,501.0,0.0,0.0,0.0,0.0
0.0,0.0,0.0,0.0,0.0,0.0,0.0,0.0,48382.52,0.0,379.93,151.2,0.0,162.07,4.6,0.0,0.0,0.0,644.63,501.0,0.0,0.0,0.0,0.0
0.0,0.0,0.0,0.0,0.0,0.0,0.0,0.0,48382.52,0.0,379.93,151.2,0.0,162.07,4.6,0.0,0.0,0.0,644.63,501.0,0.0,0.0,0.0,0.0
0.0,0.0,0.0,0.0,0.0,0.0,0.0,0.0,48382.52,0.0,379.93,151.2,0.0,162.07,4.6,0.0,0.0,0.0,644.63,501.0,0.0,0.0,0.0,0.0
0.0,0.0,0.0,0.0,0.0,0.0,0.0,0.0,48382.52,0.0,379.93,151.2,0.0,162.07,4.6,0.0,0.0,0.0,644.63,501.0,0.0,0.0,0.0,0.0
0.0,0.0,0.0,0.0,0.0,0.0,0.0,0.0,48382.52,0.0,379.93,151.2,0.0,162.07,4.6,0.0,0.0,0.0,644.63,501.0,0.0,0.0,0.0,0.0
0.0,0.0,0.0,0.0,0.0,0.0,0.0,0.0,48382.52,0.0,379.93,151.2,0.0,162.07,4.6,0.0,0.0,0.0,644.63,501.0,0.0,0.0,0.0,0.0
0.0,0.0,0.0,0.0,0.0,0.0,0.0,0.0,48382.52,0.0,379.93,151.2,0.0,162.07,4.6,0.0,0.0,0.0,644.63,501.0,0.0,0.0,0.0,0.0
0.0,0.0,0.0,0.0,0.0,0.0,0.0,0.0,48382.52,0.0,379.93,151.2,0.0,162.07,4.6,0.0,0.0,0.0,644.63,501.0,0.0,0.0,0.0,0.0
0.0,0.0,0.0,0.0,0.0,0.0,0.0,0.0,48382.52,0.0,379.93,151.2,0.0,162.07,4.6,0.0,0.0,0.0,644.63,501.0,0.0,0.0,0.0,0.0
0.0,0.0,0.0,0.0,0.0,0.0,0.0,0.0,48382.52,0.0,379.93,151.2,0.0,162.07,4.6,18.47,0.0,0.0,644.63,501.0,0.0,0.0,0.0,0.0
0.0,0.0,0.0,0.0,0.0,0.0,0.0,0.0,48382.52,0.0,379.93,151.2,0.0,162.07,4.6,18.47,0.0,0.0,644.63,501.0,0.0,0.0,0.0,0.0
0.0,0.0,0.0,0.0,0.0,0.0,0.0,0.0,48382.52,0.0,379.93,151.2,0.0,162.07,4.6,18.47,0.0,0.0,644.63,501.0,0.0,0.0,0.0,0.0
0.0,0.0,0.0,0.0,0.0,0.0,0.0,0.0,48382.52,0.0,379.93,151.2,0.0,162.07,4.6,18.47,0.0,0.0,644.63,501.0,0.0,0.0,0.0,0.0
0.0,0.0,0.0,0.0,0.0,0.0,0.0,0.0,48382.52,0.0,379.93,151.2,0.0,162.07,4.6,18.47,0.0,0.0,644.63,501.0,0.0,0.0,0.0,0.0
0.0,0.0,0.0,0.0,0.0,0.0,0.0,0.0,48382.52,0.0,379.93,151.2,0.0,162.07,4.6,18.47,0.0,0.0,644.63,501.0,0.0,0.0,0.0,0.0
0.0,0.0,0.0,0.0,0.0,0.0,0.0,0.0,48382.52,0.0,379.93,151.2,0.0,162.07,4.6,18.47,0.0,0.0,644.63,501.0,0.0,0.0,0.0,0.0
0.0,0.0,0.0,0.0,0.0,0.0,0.0,0.0,48382.52,0.0,379.93,151.2,0.0,162.07,4.6,18.47,0.0,0.0,644.63,501.0,0.0,0.0,0.0,0.0
0.0,0.0,0.0,0.0,0.0,0.0,0.0,0.0,48382.52,0.0,379.93,151.2,0.0,162.07,4.6,18.47,0.0,0.0,644.63,501.0,0.0,0.0,0.0,0.0
0.0,0.0,0.0,0.0,0.0,0.0,0.0,0.0,48382.52,0.0,379.93,151.2,0.0,162.07,4.6,18.47,0.0,0.0,644.63,501.0,0.0,0.0,0.0,0.0
0.0,0.0,0.0,0.0,0.0,0.0,0.0,0.0,48382.52,0.0,379.93,151.2,0.0,162.07,4.6,18.47,0.0,0.0,644.63,501.0,0.0,0.0,0.0,0.0
0.0,0.0,0.0,0.0,0.0,0.0,0.0,0.0,48382.52,0.0,379.93,151.2,0.0,162.07,4.6,18.47,0.0,0.0,644.63,501.0,0.0,0.0,0.0,0.0
0.0,0.0,0.0,0.0,0.0,0.0,0.0,0.0,48382.52,0.0,379.93,151.2,0.0,162.07,4.6,18.47,0.0,0.0,644.63,501.0,0.0,0.0,0.0,0.0
0.0,0.0,0.0,0.0,0.0,0.0,0.0,0.0,48382.52,0.0,379.93,151.2,0.0,162.07,4.6,18.47,0.0,0.0,644.63,501.0,0.0,0.0,0.0,0.0
0.0,0.0,0.0,0.0,0.0,0.0,0.0,0.0,48382.52,0.0,379.93,151.2,0.0,162.07,4.6,18.47,0.0,0.0,644.63,501.0,0.0,0.0,0.0,0.0
0.0,0.0,0.0,0.0,0.0,0.0,0.0,0.0,48382.52,0.0,379.93,151.2,0.0,162.07,4.6,18.47,0.0,0.0,644.63,501.0,0.0,0.0,0.0,0.0
0.0,0.0,0.0,0.0,0.0,0.0,0.0,0.0,48382.52,0.0,379.93,151.2,0.0,162.07,4.6,18.47,0.0,0.0,644.63,501.0,0.0,0.0,0.0,0.0
0.0,0.0,0.0,0.0,0.0,0.0,0.0,0.0,48382.52,0.0,379.93,151.2,0.0,162.07,4.6,18.47,0.0,0.0,644.63,501.0,0.0,0.0,0.0,0.0
0.0,0.0,0.0,0.0,0.0,0.0,0.0,0.0,48382.52,0.0,379.93,151.2,0.0,162.07,4.6,18.47,0.0,0.0,644.63,501.0,0.0,0.0,0.0,0.0
0.0,0.0,0.0,0.0,0.0,0.0,0.0,0.0,48382.52,0.0,379.93,151.2,0.0,162.07,4.6,18.47,0.0,0.0,644.63,501.0,0.0,0.0,0.0,0.0
0.0,0.0,0.0,0.0,0.0,0.0,0.0,0.0,48382.52,0.0,379.93,151.2,0.0,162.07,4.6,18.47,0.0,0.0,644.63,501.0,0.0,0.0,0.0,0.0
0.0,0.0,0.0,0.0,0.0,0.0,0.0,0.0,48382.52,0.0,379.93,151.2,0.0,162.07,4.6,18.47,0.0,0.0,644.63,501.0,0.0,0.0,0.0,0.0
0.0,0.0,0.0,0.0,0.0,0.0,0.0,0.0,48382.52,0.0,379.93,151.2,0.0,162.07,4.6,18.47,0.0,0.0,644.63,501.0,0.0,0.0,0.0,0.0
0.0,0.0,0.0,0.0,0.0,0.0,0.0,0.0,48382.52,0.0,379.93,151.2,0.0,162.07,4.6,18.47,0.0,0.0,644.63,501.0,0.0,0.0,0.0,0.0
0.0,0.0,0.0,0.0,0.0,0.0,0.0,0.0,48382.52,0.0,379.93,151.2,0.0,162.07,4.6,18.47,0.0,0.0,644.63,501.0,0.0,0.0,0.0,0.0
0.0,0.0,0.0,0.0,0.0,0.0,0.0,0.0,48382.52,0.0,379.93,151.2,0.0,162.07,4.6,18.47,0.0,0.0,644.63,501.0,0.0,0.0,0.0,0.0
0.0,0.0,0.0,0.0,0.0,0.0,0.0,0.0,48382.52,0.0,379.93,151.2,0.0,162.07,4.6,18.47,0.0,0.0,644.63,501.0,0.0,0.0,0.0,0.0
0.0,0.0,0.0,0.0,0.0,0.0,0.0,0.0,48382.52,0.0,379.93,151.2,0.0,162.07,4.6,18.47,0.0,0.0,644.63,501.0,0.0,0.0,0.0,0.0
0.0,0.0,0.0,0.0,0.0,0.0,0.0,0.0,48382.52,0.0,379.93,151.2,0.0,162.07,4.6,18.47,0.0,0.0,644.63,501.0,0.0,0.0,0.0,0.0
0.0,0.0,0.0,0.0,0.0,0.0,0.0,0.0,48382.52,0.0,379.93,151.2,0.0,162.07,4.6,18.47,0.0,0.0,644.63,501.0,0.0,0.0,0.0,0.0
0.0,0.0,0.0,0.0,0.0,0.0,0.0,0.0,48382.52,0.0,379.93,151.2,0.0,162.07,4.6,18.47,0.0,0.0,644.63,501.0,0.0,0.0,0.0,0.0
0.0,0.0,0.0,0.0,0.0,0.0,0.0,0.0,48382.52,0.0,379.93,151.2,0.0,162.07,4.6,18.47,0.0,0.0,644.63,501.0,0.0,0.0,0.0,0.0
0.0,0.0,0.0,0.0,0.0,0.0,0.0,0.0,48382.52,0.0,379.93,151.2,0.0,162.07,4.6,18.47,0.0,0.0,644.63,501.0,0.0,0.0,0.0,0.0
0.0,0.0,0.0,0.0,0.0,0.0,0.0,0.0,48382.52,0.0,379.93,151.2,0.0,162.07,4.6,18.47,0.0,0.0,644.63,501.0,0.0,0.0,0.0,0.0
0.0,0.0,0.0,0.0,0.0,0.0,0.0,0.0,48382.52,0.0,379.93,151.2,0.0,162.07,4.6,18.47,0.0,0.0,644.63,501.0,0.0,0.0,0.0,0.0
0.0,0.0,0.0,0.0,0.0,0.0,0.0,0.0,48382.52,0.0,379.93,151.2,0.0,162.07,4.6,18.47,0.0,0.0,644.63,501.0,0.0,0.0,0.0,0.0
0.0,0.0,0.0,0.0,0.0,0.0,0.0,0.0,48382.52,0.0,379.93,151.2,0.0,162.07,4.6,18.47,0.0,0.0,644.63,501.0,0.0,0.0,0.0,0.0
0.0,0.0,0.0,0.0,0.0,0.0,0.0,0.0,48382.52,0.0,379.93,151.2,0.0,162.07,4.6,18.47,0.0,0.0,644.63,501.0,0.0,0.0,0.0,0.0
0.0,0.0,0.0,0.0,0.0,0.0,0.0,0.0,48382.52,0.0,379.93,151.2,0.0,162.07,4.6,18.47,0.0,0.0,644.63,501.0,0.0,0.0,0.0,0.0
0.0,0.0,0.0,0.0,0.0,0.0,0.0,0.0,48382.52,0.0,379.93,151.2,0.0,162.07,4.6,18.47,0.0,0.0,644.63,501.0,0.0,0.0,0.0,0.0
0.0,0.0,0.0,0.0,0.0,0.0,0.0,0.0,48382.52,0.0,379.93,151.2,0.0,162.07,4.6,18.47,0.0,0.0,644.63,501.0,0.0,0.0,0.0,0.0
0.0,0.0,0.0,0.0,0.0,0.0,0.0,0.0,48382.52,0.0,379.93,151.2,0.0,162.07,4.6,18.47,0.0,0.0,644.63,501.0,0.0,0.0,0.0,0.0
0.0,0.0,0.0,0.0,0.0,0.0,0.0,0.0,48382.52,0.0,379.93,151.2,0.0,162.07,4.6,18.47,0.0,0.0,644.63,501.0,0.0,0.0,0.0,0.0
0.0,0.0,0.0,0.0,0.0,0.0,0.0,0.0,48382.52,0.0,379.93,151.2,0.0,162.07,4.6,18.47,0.0,0.0,644.63,501.0,0.0,0.0,0.0,0.0
0.0,0.0,0.0,0.0,0.0,0.0,0.0,0.0,48382.52,0.0,379.93,151.2,0.0,162.07,4.6,18.47,0.0,0.0,644.63,501.0,0.0,0.0,0.0,0.0
0.0,0.0,0.0,0.0,0.0,0.0,0.0,0.0,48382.52,0.0,379.93,151.2,0.0,162.07,4.6,18.47,0.0,0.0,644.63,501.0,0.0,0.0,0.0,0.0
0.0,0.0,0.0,0.0,0.0,0.0,0.0,0.0,48382.52,0.0,379.93,151.2,0.0,162.07,4.6,18.47,0.0,0.0,644.63,501.0,0.0,0.0,0.0,0.0
0.0,0.0,0.0,0.0,0.0,0.0,0.0,0.0,48382.52,0.0,379.93,151.2,0.0,162.07,4.6,18.47,0.0,0.0,644.63,501.0,0.0,0.0,0.0,0.0
0.0,0.0,0.0,0.0,0.0,0.0,0.0,0.0,48382.52,0.0,379.93,151.2,0.0,162.07,4.6,18.47,0.0,0.0,644.63,501.0,0.0,0.0,0.0,0.0
0.0,0.0,0.0,0.0,0.0,0.0,0.0,0.0,48382.52,0.0,379.93,151.2,0.0,162.07,4.6,18.47,0.0,0.0,644.63,501.0,0.0,0.0,0.0,0.0
0.0,0.0,0.0,0.0,0.0,0.0,0.0,0.0,48382.52,0.0,379.93,151.2,0.0,162.07,4.6,18.47,0.0,0.0,644.63,501.0,0.0,0.0,0.0,0.0
0.0,0.0,0.0,0.0,0.0,0.0,0.0,0.0,48382.52,0.0,379.93,151.2,0.0,162.07,4.6,18.47,0.0,0.0,644.63,501.0,0.0,0.0,0.0,0.0
0.0,0.0,0.0,0.0,0.0,0.0,0.0,0.0,48382.52,0.0,379.93,151.2,0.0,162.07,4.6,18.47,0.0,0.0,644.63,501.0,0.0,0.0,0.0,0.0
0.0,0.0,0.0,0.0,0.0,0.0,0.0,0.0,48382.52,0.0,379.93,151.2,0.0,162.07,4.6,18.47,0.0,0.0,644.63,501.0,0.0,0.0,0.0,0.0
0.0,0.0,0.0,0.0,0.0,0.0,0.0,0.0,48382.52,0.0,379.93,151.2,0.0,162.07,4.6,18.47,0.0,0.0,644.63,501.0,0.0,0.0,0.0,0.0
0.0,0.0,0.0,0.0,0.0,0.0,0.0,0.0,48382.52,0.0,379.93,151.2,0.0,162.07,4.6,18.47,0.0,0.0,644.63,501.0,0.0,0.0,0.0,0.0
0.0,0.0,0.0,0.0,0.0,0.0,0.0,0.0,48382.52,0.0,379.93,151.2,0.0,162.07,4.6,18.47,0.0,0.0,644.63,501.0,0.0,0.0,0.0,0.0
0.0,0.0,0.0,0.0,0.0,0.0,0.0,0.0,48382.52,0.0,379.93,151.2,0.0,162.07,4.6,18.47,0.0,0.0,644.63,501.0,0.0,0.0,0.0,0.0
0.0,0.0,0.0,0.0,0.0,0.0,0.0,0.0,48382.52,0.0,379.93,151.2,0.0,162.07,4.6,18.47,0.0,0.0,644.63,501.0,0.0,0.0,0.0,0.0
0.0,0.0,0.0,0.0,0.0,0.0,0.0,0.0,48382.52,0.0,379.93,151.2,0.0,162.07,4.6,18.47,0.0,0.0,644.63,501.0,0.0,0.0,0.0,0.0
0.0,0.0,0.0,0.0,0.0,0.0,0.0,0.0,48382.52,0.0,379.93,151.2,0.0,162.07,4.6,18.47,0.0,0.0,644.63,501.0,0.0,0.0,0.0,0.0
0.0,0.0,0.0,0.0,0.0,0.0,0.0,0.0,48382.52,0.0,379.93,151.2,0.0,162.07,4.6,18.47,0.0,0.0,644.63,501.0,0.0,0.0,0.0,0.0
0.0,0.0,0.0,0.0,0.0,0.0,0.0,0.0,48382.52,0.0,379.93,151.2,0.0,162.07,4.6,18.47,0.0,0.0,644.63,501.0,0.0,0.0,0.0,0.0
0.0,0.0,0.0,0.0,0.0,0.0,0.0,0.0,48382.52,0.0,379.93,151.2,0.0,162.07,4.6,18.47,0.0,0.0,644.63,501.0,0.0,0.0,0.0,0.0
0.0,0.0,0.0,0.0,0.0,0.0,0.0,0.0,48382.52,0.0,379.93,151.2,0.0,162.07,4.6,18.47,0.0,0.0,644.63,501.0,0.0,0.0,0.0,0.0
0.0,0.0,0.0,0.0,0.0,0.0,0.0,0.0,48382.52,0.0,379.93,151.2,0.0,162.07,4.6,18.47,0.0,0.0,644.63,501.0,0.0,0.0,0.0,0.0
0.0,0.0,0.0,0.0,0.0,0.0,0.0,0.0,48382.52,0.0,379.93,151.2,0.0,162.07,4.6,18.47,0.0,0.0,644.63,501.0,0.0,0.0,0.0,0.0
0.0,0.0,0.0,0.0,0.0,0.0,0.0,0.0,48382.52,0.0,379.93,151.2,0.0,162.07,4.6,18.47,0.0,0.0,644.63,501.0,0.0,0.0,0.0,0.0
0.0,0.0,0.0,0.0,0.0,0.0,0.0,0.0,48382.52,0.0,379.93,151.2,0.0,161.4200000000131,4.6,18.47,26676.0,0.0,644.63,501.0,0.0,0.0,0.0,0.0
0.0,0.0,0.0,0.0,0.0,0.0,0.0,0.0,48382.52,0.0,379.93,151.2,0.0,0.0,4.6,18.47,0.0,0.0,644.63,501.0,0.0,0.0,0.0,0.0
0.0,0.0,0.0,0.0,0.0,0.0,0.0,0.0,48382.52,0.0,379.93,151.2,0.0,0.0,4.6,18.47,0.0,0.0,644.63,501.0,0.0,0.0,0.0,0.0
0.0,0.0,0.0,0.0,0.0,0.0,0.0,0.0,48382.52,0.0,379.93,151.2,0.0,0.0,4.6,18.47,0.0,0.0,644.63,501.0,0.0,0.0,0.0,0.0
0.0,0.0,0.0,0.0,0.0,0.0,0.0,0.0,48382.52,0.0,379.93,151.2,0.0,0.0,4.6,18.47,0.0,0.0,644.63,501.0,0.0,0.0,0.0,0.0
0.0,0.0,0.0,0.0,0.0,0.0,0.0,0.0,48382.52,0.0,379.93,151.2,0.0,0.0,4.6,18.47,0.0,0.0,644.63,501.0,0.0,0.0,0.0,0.0
0.0,0.0,0.0,0.0,0.0,0.0,0.0,0.0,48382.52,0.0,379.93,151.2,0.0,0.0,4.6,18.47,0.0,0.0,644.63,501.0,0.0,0.0,0.0,0.0
0.0,0.0,0.0,0.0,0.0,0.0,0.0,0.0,48382.52,0.0,379.93,151.2,0.0,0.0,4.6,18.47,0.0,0.0,644.63,501.0,0.0,0.0,0.0,0.0
0.0,0.0,0.0,0.0,0.0,0.0,0.0,0.0,48382.52,0.0,379.93,151.2,0.0,0.0,4.6,18.47,0.0,0.0,644.63,501.0,0.0,0.0,0.0,0.0
0.0,0.0,0.0,0.0,0.0,0.0,0.0,0.0,48382.52,0.0,379.93,151.2,0.0,0.0,4.6,18.47,0.0,0.0,644.63,501.0,0.0,0.0,0.0,0.0
0.0,0.0,0.0,0.0,0.0,0.0,0.0,0.0,48382.52,0.0,379.93,151.2,0.0,0.0,4.6,18.47,0.0,0.0,644.63,501.0,0.0,0.0,0.0,0.0
0.0,0.0,0.0,0.0,0.0,0.0,0.0,0.0,48382.52,0.0,379.93,151.2,0.0,0.0,4.6,18.47,0.0,0.0,644.63,501.0,0.0,0.0,0.0,0.0
0.0,0.0,0.0,0.0,0.0,0.0,0.0,0.0,48382.52,0.0,379.93,151.2,0.0,0.0,4.6,18.47,0.0,0.0,644.63,501.0,0.0,0.0,0.0,0.0
0.0,0.0,0.0,0.0,0.0,0.0,0.0,0.0,48382.52,0.0,379.93,151.2,0.0,0.0,4.6,18.47,0.0,0.0,644.63,501.0,0.0,0.0,0.0,0.0
0.0,0.0,0.0,0.0,0.0,0.0,0.0,0.0,48382.52,0.0,379.93,151.2,0.0,0.0,4.6,18.47,0.0,0.0,644.63,501.0,0.0,0.0,0.0,0.0
0.0,0.0,0.0,0.0,0.0,0.0,0.0,0.0,48382.52,0.0,379.93,151.2,0.0,0.0,4.6,18.47,0.0,0.0,644.63,501.0,0.0,0.0,0.0,0.0
0.0,0.0,0.0,0.0,0.0,0.0,0.0,0.0,48382.52,0.0,379.93,151.2,0.0,0.0,4.6,18.47,0.0,0.0,644.63,501.0,0.0,0.0,0.0,0.0
0.0,0.0,0.0,0.0,0.0,0.0,0.0,0.0,48382.52,0.0,379.93,151.2,0.0,0.0,4.6,18.47,0.0,0.0,644.63,501.0,0.0,0.0,0.0,0.0
0.0,0.0,0.0,0.0,0.0,0.0,0.0,0.0,48382.52,0.0,379.93,151.2,0.0,0.0,4.6,18.47,0.0,0.0,644.63,501.0,0.0,0.0,0.0,0.0
0.0,0.0,0.0,0.0,0.0,0.0,0.0,0.0,48382.52,0.0,379.93,151.2,0.0,0.0,4.6,18.47,0.0,0.0,644.63,501.0,0.0,0.0,0.0,0.0
0.0,0.0,0.0,0.0,0.0,0.0,0.0,0.0,48382.52,0.0,379.93,151.2,0.0,0.0,4.6,18.47,0.0,0.0,644.63,501.0,0.0,0.0,0.0,0.0
0.0,0.0,0.0,0.0,0.0,0.0,0.0,0.0,48382.52,0.0,379.93,151.2,0.0,0.0,4.6,18.47,0.0,0.0,644.63,501.0,0.0,0.0,0.0,0.0
0.0,0.0,0.0,0.0,0.0,0.0,0.0,0.0,48382.52,0.0,379.93,151.2,0.0,0.0,4.6,18.47,0.0,0.0,644.63,501.0,0.0,0.0,0.0,0.0
0.0,0.0,0.0,0.0,0.0,0.0,0.0,0.0,48382.52,0.0,379.93,151.2,0.0,0.0,4.6,18.47,0.0,0.0,644.63,501.0,0.0,0.0,0.0,0.0
0.0,0.0,0.0,0.0,0.0,0.0,0.0,0.0,48382.52,0.0,379.93,151.2,0.0,0.0,4.6,18.47,0.0,0.0,644.63,501.0,0.0,0.0,0.0,0.0
0.0,0.0,0.0,0.0,0.0,0.0,0.0,0.0,48382.52,0.0,379.93,151.2,0.0,0.0,4.6,18.47,0.0,0.0,644.63,501.0,0.0,0.0,0.0,0.0
0.0,0.0,0.0,0.0,0.0,0.0,0.0,0.0,48382.52,0.0,379.93,151.2,0.0,0.0,4.6,18.47,0.0,0.0,644.63,501.0,0.0,0.0,0.0,0.0
0.0,0.0,0.0,0.0,0.0,0.0,0.0,0.0,48382.52,0.0,379.93,151.2,0.0,0.0,4.6,18.47,0.0,0.0,644.63,501.0,0.0,0.0,0.0,0.0
0.0,0.0,0.0,0.0,0.0,0.0,0.0,0.0,48382.52,0.0,379.93,151.2,0.0,0.0,4.6,18.47,0.0,0.0,644.63,501.0,0.0,0.0,0.0,3475.83
0.0,0.0,0.0,0.0,0.0,0.0,0.0,0.0,48382.52,0.0,379.93,151.2,0.0,0.0,4.6,18.47,0.0,0.0,644.63,501.0,0.0,0.0,0.0,3475.83
0.0,0.0,0.0,0.0,0.0,0.0,0.0,0.0,48382.52,0.0,379.93,151.2,0.0,0.0,4.6,18.47,0.0,0.0,644.63,501.0,0.0,0.0,0.0,3475.83
0.0,0.0,0.0,0.0,0.0,0.0,0.0,0.0,48382.52,0.0,379.93,151.2,0.0,0.0,4.6,18.47,0.0,0.0,644.63,501.0,0.0,0.0,0.0,3475.83
0.0,0.0,0.0,0.0,0.0,0.0,0.0,0.0,48382.52,0.0,379.93,151.2,0.0,0.0,4.6,18.47,0.0,0.0,644.63,501.0,0.0,0.0,0.0,3475.83
0.0,0.0,0.0,0.0,0.0,0.0,0.0,0.0,48382.52,0.0,379.93,151.2,0.0,0.0,4.6,18.47,0.0,0.0,644.63,501.0,0.0,0.0,0.0,3475.83
0.0,0.0,0.0,0.0,0.0,0.0,0.0,0.0,48382.52,0.0,379.93,151.2,0.0,0.0,4.6,18.47,0.0,0.0,644.63,501.0,0.0,0.0,0.0,3475.83
0.0,0.0,0.0,0.0,0.0,0.0,0.0,0.0,48382.52,0.0,379.93,151.2,0.0,0.0,4.6,18.47,0.0,0.0,644.63,501.0,0.0,0.0,0.0,3475.83
0.0,0.0,0.0,0.0,0.0,0.0,0.0,0.0,48382.52,0.0,379.93,151.2,0.0,0.0,4.6,18.47,0.0,0.0,644.63,501.0,0.0,0.0,0.0,3475.83
0.0,0.0,0.0,0.0,0.0,0.0,0.0,0.0,48382.52,0.0,379.93,151.2,0.0,0.0,4.6,18.47,0.0,0.0,644.63,501.0,0.0,0.0,0.0,3475.83
0.0,0.0,0.0,0.0,0.0,0.0,0.0,0.0,48382.52,0.0,379.93,151.2,0.0,0.0,4.6,18.47,0.0,0.0,644.63,501.0,0.0,0.0,0.0,3475.83
0.0,0.0,0.0,0.0,0.0,0.0,0.0,0.0,48382.52,0.0,379.93,151.2,0.0,0.0,4.6,18.47,0.0,0.0,644.63,501.0,0.0,0.0,0.0,3475.83
0.0,0.0,0.0,0.0,0.0,0.0,0.0,0.0,48382.52,0.0,379.93,151.2,0.0,0.0,4.6,18.47,0.0,0.0,644.63,501.0,0.0,0.0,0.0,3475.83
0.0,0.0,0.0,0.0,0.0,0.0,0.0,0.0,48382.52,0.0,379.93,151.2,0.0,0.0,4.6,18.47,0.0,0.0,644.63,501.0,0.0,0.0,0.0,3475.83
0.0,0.0,0.0,0.0,0.0,0.0,0.0,0.0,48382.52,0.0,379.93,151.2,0.0,0.0,4.6,18.47,0.0,0.0,644.63,501.0,0.0,0.0,0.0,3475.83
0.0,0.0,0.0,0.0,0.0,0.0,0.0,0.0,48382.52,0.0,379.93,151.2,0.0,0.0,4.6,18.47,0.0,0.0,644.63,501.0,0.0,0.0,0.0,3475.83
0.0,0.0,0.0,0.0,0.0,0.0,0.0,0.0,48382.52,0.0,379.93,151.2,0.0,0.0,4.6,18.47,0.0,0.0,644.63,501.0,0.0,0.0,0.0,3475.83
0.0,0.0,0.0,0.0,0.0,0.0,0.0,0.0,48382.52,0.0,379.93,151.2,0.0,0.0,4.6,18.47,0.0,0.0,644.63,501.0,0.0,0.0,0.0,3475.83
0.0,0.0,0.0,0.0,0.0,0.0,0.0,0.0,48382.52,0.0,379.93,151.2,0.0,0.0,4.6,18.47,0.0,0.0,644.63,501.0,0.0,0.0,0.0,3475.83
0.0,0.0,0.0,0.0,0.0,0.0,0.0,0.0,48382.52,0.0,379.93,151.2,0.0,0.0,4.6,18.47,0.0,0.0,644.63,501.0,0.0,0.0,0.0,3475.83
0.0,0.0,0.0,0.0,0.0,0.0,0.0,0.0,48382.52,0.0,379.93,151.2,0.0,0.0,4.6,18.47,0.0,0.0,644.63,501.0,0.0,0.0,0.0,3475.83
0.0,0.0,0.0,0.0,0.0,0.0,0.0,0.0,48382.52,0.0,379.93,151.2,0.0,0.0,4.6,18.47,0.0,0.0,644.63,501.0,0.0,0.0,0.0,3475.83
0.0,0.0,0.0,0.0,0.0,0.0,0.0,0.0,48382.52,0.0,379.93,151.2,0.0,0.0,4.6,18.47,0.0,0.0,644.63,501.0,0.0,0.0,0.0,3475.83
0.0,0.0,0.0,0.0,0.0,0.0,0.0,0.0,48382.52,0.0,379.93,151.2,0.0,0.0,4.6,18.47,0.0,0.0,644.63,501.0,0.0,0.0,0.0,3475.83
0.0,0.0,0.0,0.0,0.0,0.0,0.0,0.0,48382.52,0.0,379.93,151.2,0.0,0.0,4.6,18.47,0.0,0.0,644.63,501.0,0.0,0.0,0.0,3475.83
0.0,0.0,0.0,0.0,0.0,0.0,0.0,0.0,48382.52,0.0,379.93,151.2,0.0,0.0,4.6,18.47,0.0,0.0,644.63,501.0,0.0,0.0,0.0,3475.83
0.0,0.0,0.0,0.0,0.0,0.0,0.0,0.0,48382.52,0.0,379.93,151.2,0.0,0.0,4.6,18.47,0.0,0.0,644.63,501.0,0.0,0.0,0.0,3475.83
0.0,0.0,0.0,0.0,0.0,0.0,0.0,0.0,48382.52,0.0,379.93,151.2,0.0,0.0,4.6,18.47,0.0,0.0,644.63,501.0,0.0,0.0,0.0,3475.83
0.0,0.0,0.0,0.0,0.0,0.0,0.0,0.0,48382.52,0.0,379.93,151.2,0.0,0.0,4.6,18.47,0.0,0.0,644.63,501.0,0.0,0.0,0.0,3475.83
0.0,0.0,0.0,0.0,0.0,0.0,0.0,0.0,48382.52,0.0,379.93,151.2,0.0,0.0,4.6,18.47,0.0,31303.0,644.63,501.0,0.0,0.0,0.0,3475.83
0.0,0.0,0.0,0.0,0.0,0.0,0.0,0.0,48382.52,0.0,379.93,151.2,0.0,0.0,4.6,18.47,0.0,0.0,644.63,501.0,0.0,0.0,0.0,3475.83
0.0,0.0,0.0,0.0,0.0,0.0,0.0,0.0,48382.52,0.0,379.93,151.2,0.0,0.0,4.6,18.47,0.0,0.0,644.63,501.0,0.0,0.0,0.0,3475.83
0.0,0.0,0.0,0.0,0.0,0.0,0.0,0.0,48382.52,0.0,379.93,151.2,0.0,0.0,4.6,18.47,0.0,0.0,644.63,501.0,0.0,0.0,0.0,3475.83
0.0,0.0,0.0,0.0,0.0,0.0,0.0,0.0,48382.52,0.0,379.93,151.2,0.0,0.0,4.6,18.47,0.0,0.0,644.63,501.0,0.0,0.0,0.0,3475.83
0.0,0.0,0.0,0.0,0.0,0.0,0.0,0.0,48382.52,0.0,379.93,151.2,0.0,0.0,4.6,18.47,0.0,0.0,644.63,501.0,0.0,0.0,0.0,3475.83
0.0,0.0,0.0,0.0,0.0,0.0,0.0,0.0,48382.52,0.0,379.93,151.2,0.0,0.0,4.6,18.47,0.0,0.0,644.63,501.0,0.0,0.0,0.0,3475.83
0.0,0.0,0.0,0.0,0.0,0.0,0.0,0.0,48382.52,0.0,379.93,151.2,0.0,0.0,4.6,18.47,0.0,0.0,644.63,501.0,0.0,0.0,0.0,3475.83
0.0,0.0,0.0,0.0,0.0,0.0,0.0,0.0,48382.52,0.0,379.93,151.2,0.0,0.0,4.6,18.47,0.0,0.0,644.63,501.0,0.0,0.0,0.0,3475.83
0.0,0.0,0.0,0.0,0.0,0.0,0.0,0.0,48382.52,0.0,379.93,151.2,0.0,0.0,4.6,18.47,0.0,0.0,644.63,501.0,0.0,0.0,0.0,3475.83
0.0,0.0,0.0,0.0,0.0,0.0,0.0,0.0,48382.52,0.0,379.93,151.2,0.0,0.0,4.6,18.47,0.0,0.0,644.63,501.0,0.0,0.0,0.0,3475.83
0.0,0.0,0.0,0.0,0.0,0.0,0.0,0.0,48382.52,0.0,379.93,151.2,0.0,0.0,4.6,18.47,0.0,0.0,644.63,501.0,0.0,0.0,0.0,3475.83
0.0,0.0,0.0,0.0,0.0,0.0,0.0,0.0,48382.52,0.0,379.93,151.2,0.0,0.0,4.6,18.47,0.0,0.0,644.63,501.0,0.0,0.0,0.0,3475.83
0.0,0.0,0.0,0.0,0.0,0.0,0.0,0.0,48382.52,0.0,379.93,151.2,0.0,0.0,4.6,18.47,0.0,0.0,644.63,501.0,0.0,0.0,0.0,3475.83
0.0,0.0,0.0,0.0,0.0,0.0,0.0,0.0,48382.52,0.0,379.93,151.2,0.0,0.0,4.6,18.47,0.0,0.0,644.63,501.0,0.0,0.0,0.0,3475.83
0.0,0.0,0.0,0.0,0.0,0.0,0.0,0.0,48382.52,0.0,379.93,151.2,0.0,0.0,4.6,18.47,0.0,0.0,644.63,501.0,0.0,0.0,0.0,3475.83
0.0,0.0,0.0,0.0,0.0,0.0,0.0,0.0,48382.52,0.0,379.93,151.2,0.0,0.0,4.6,18.47,0.0,0.0,644.63,501.0,0.0,0.0,0.0,3475.83
0.0,0.0,0.0,0.0,0.0,0.0,0.0,0.0,48382.52,0.0,379.93,151.2,0.0,0.0,4.6,18.47,0.0,0.0,644.63,501.0,0.0,0.0,0.0,3475.83
0.0,0.0,0.0,0.0,0.0,0.0,0.0,0.0,48382.52,0.0,379.93,151.2,0.0,0.0,4.6,18.47,0.0,0.0,644.63,501.0,0.0,0.0,0.0,3475.83
0.0,0.0,0.0,0.0,0.0,0.0,0.0,0.0,48382.52,0.0,379.93,151.2,0.0,0.0,4.6,18.47,0.0,0.0,644.63,501.0,0.0,0.0,0.0,3475.83
0.0,0.0,0.0,0.0,0.0,0.0,0.0,0.0,48382.52,0.0,379.93,151.2,0.0,0.0,4.6,18.47,0.0,0.0,644.63,501.0,0.0,0.0,0.0,3475.83
0.0,0.0,0.0,0.0,0.0,0.0,0.0,0.0,48382.52,0.0,379.93,151.2,0.0,0.0,4.6,18.47,0.0,0.0,644.63,501.0,0.0,0.0,0.0,3475.83
0.0,0.0,0.0,0.0,0.0,0.0,0.0,0.0,48382.52,0.0,379.93,151.2,0.0,0.0,4.6,18.47,0.0,0.0,644.63,501.0,0.0,0.0,0.0,3475.83
0.0,0.0,0.0,0.0,0.0,0.0,0.0,0.0,48382.52,0.0,379.93,151.2,0.0,0.0,4.6,18.47,0.0,0.0,644.63,501.0,0.0,0.0,0.0,3475.83
0.0,0.0,0.0,0.0,0.0,0.0,0.0,0.0,48382.52,0.0,379.93,151.2,0.0,0.0,4.6,18.47,0.0,0.0,644.63,501.0,0.0,0.0,0.0,3475.83
0.0,0.0,0.0,0.0,0.0,0.0,0.0,0.0,48382.52,0.0,379.93,151.2,0.0,0.0,4.6,18.47,0.0,0.0,644.63,501.0,0.0,0.0,0.0,3475.83
0.0,0.0,0.0,0.0,0.0,0.0,0.0,0.0,48382.52,0.0,379.93,151.2,0.0,0.0,4.6,18.47,0.0,0.0,644.63,501.0,0.0,0.0,0.0,3475.83
0.0,0.0,0.0,0.0,0.0,0.0,0.0,0.0,48382.52,0.0,379.93,151.2,0.0,0.0,4.6,18.47,0.0,0.0,644.63,501.0,0.0,0.0,0.0,3475.83
0.0,0.0,0.0,0.0,0.0,0.0,0.0,0.0,48382.52,0.0,379.93,151.2,0.0,0.0,4.6,18.47,0.0,0.0,644.63,501.0,0.0,0.0,0.0,3475.83
0.0,0.0,0.0,0.0,0.0,0.0,0.0,0.0,48382.52,0.0,379.93,151.2,0.0,0.0,4.6,18.47,0.0,0.0,644.63,501.0,0.0,0.0,0.0,3475.83
0.0,0.0,0.0,0.0,0.0,0.0,0.0,0.0,48382.52,0.0,379.93,151.2,0.0,0.0,4.6,18.47,0.0,0.0,644.63,501.0,0.0,0.0,0.0,3475.83
0.0,0.0,0.0,0.0,0.0,0.0,0.0,0.0,48382.52,0.0,379.93,151.2,0.0,0.0,4.6,18.47,0.0,0.0,644.63,501.0,0.0,0.0,0.0,3475.83
0.0,0.0,0.0,0.0,0.0,0.0,0.0,0.0,48382.52,0.0,379.93,151.2,0.0,0.0,4.6,18.47,0.0,0.0,644.63,501.0,0.0,0.0,0.0,3475.83
0.0,0.0,0.0,0.0,0.0,0.0,0.0,0.0,48382.52,0.0,379.93,151.2,0.0,0.0,4.6,18.47,0.0,0.0,644.63,501.0,0.0,0.0,0.0,3475.83
0.0,0.0,0.0,0.0,0.0,0.0,0.0,0.0,48382.52,0.0,379.93,151.2,0.0,0.0,4.6,18.47,0.0,0.0,644.63,501.0,0.0,0.0,0.0,3475.83
0.0,0.0,0.0,0.0,0.0,0.0,0.0,0.0,48382.52,0.0,379.93,151.2,0.0,0.0,4.6,18.47,0.0,0.0,644.63,501.0,0.0,0.0,0.0,3475.83
0.0,0.0,0.0,0.0,0.0,0.0,0.0,0.0,48382.52,0.0,379.93,151.2,0.0,0.0,4.6,18.47,0.0,0.0,644.63,501.0,0.0,0.0,0.0,3475.83
0.0,0.0,0.0,0.0,0.0,0.0,0.0,0.0,48382.52,0.0,379.93,151.2,0.0,0.0,4.6,18.47,0.0,0.0,644.63,501.0,0.0,0.0,0.0,3475.83
0.0,0.0,0.0,0.0,0.0,0.0,0.0,0.0,48382.52,0.0,379.93,151.2,0.0,0.0,4.6,18.47,0.0,0.0,644.63,501.0,0.0,0.0,0.0,3475.83
0.0,0.0,0.0,0.0,0.0,0.0,0.0,0.0,48382.52,0.0,379.93,151.2,0.0,0.0,4.6,18.47,0.0,0.0,644.63,501.0,0.0,0.0,0.0,3475.83
0.0,0.0,0.0,0.0,0.0,0.0,0.0,0.0,48382.52,0.0,379.93,151.2,0.0,0.0,4.6,18.47,0.0,0.0,644.63,501.0,0.0,0.0,0.0,3475.83
0.0,0.0,0.0,0.0,0.0,0.0,0.0,0.0,48382.52,0.0,379.93,151.2,0.0,0.0,4.6,18.47,0.0,0.0,644.63,501.0,0.0,0.0,0.0,3475.83
0.0,0.0,0.0,0.0,0.0,0.0,0.0,0.0,48382.52,0.0,379.93,151.2,0.0,0.0,4.6,18.47,0.0,0.0,644.63,501.0,0.0,0.0,0.0,3475.83
0.0,0.0,0.0,0.0,0.0,0.0,0.0,0.0,48382.52,0.0,379.93,151.2,0.0,0.0,4.6,18.47,0.0,0.0,644.63,501.0,0.0,0.0,0.0,3475.83
0.0,0.0,0.0,0.0,0.0,0.0,0.0,0.0,48382.52,0.0,379.93,151.2,0.0,0.0,4.6,18.47,0.0,0.0,644.63,501.0,0.0,0.0,0.0,3475.83
0.0,0.0,0.0,0.0,0.0,0.0,0.0,0.0,48382.52,0.0,379.93,151.2,0.0,0.0,4.6,18.47,0.0,0.0,644.63,501.0,0.0,0.0,0.0,3475.83
0.0,0.0,0.0,0.0,0.0,0.0,0.0,0.0,48382.52,0.0,379.93,151.2,0.0,0.0,4.6,18.47,0.0,0.0,644.63,501.0,0.0,0.0,0.0,3475.83
0.0,0.0,0.0,0.0,0.0,0.0,0.0,0.0,48382.52,0.0,379.93,151.2,0.0,0.0,4.6,18.47,0.0,0.0,644.63,501.0,0.0,0.0,0.0,3475.83
0.0,0.0,0.0,0.0,0.0,0.0,0.0,0.0,48382.52,0.0,379.93,151.2,0.0,0.0,4.6,18.47,0.0,0.0,644.63,501.0,0.0,0.0,0.0,3475.83
0.0,0.0,0.0,0.0,0.0,0.0,0.0,0.0,48382.52,0.0,379.93,151.2,0.0,0.0,4.6,18.47,0.0,0.0,644.63,501.0,0.0,0.0,0.0,3475.83
0.0,0.0,0.0,0.0,0.0,0.0,0.0,0.0,48382.52,0.0,379.93,151.2,0.0,0.0,4.6,18.47,0.0,0.0,644.63,501.0,0.0,0.0,0.0,3475.83
0.0,0.0,0.0,0.0,0.0,0.0,0.0,0.0,48382.52,0.0,379.93,151.2,0.0,0.0,4.6,18.47,0.0,0.0,644.63,501.0,0.0,0.0,0.0,3475.83
0.0,0.0,0.0,0.0,0.0,0.0,0.0,0.0,48382.52,0.0,379.93,151.2,0.0,0.0,4.6,18.47,0.0,0.0,644.63,501.0,0.0,0.0,0.0,3475.83
0.0,0.0,0.0,0.0,0.0,0.0,0.0,0.0,48382.52,0.0,379.93,151.2,0.0,0.0,4.6,18.47,0.0,0.0,644.63,501.0,0.0,0.0,0.0,3475.83
0.0,0.0,0.0,0.0,0.0,0.0,0.0,0.0,48382.52,0.0,379.93,151.2,0.0,0.0,4.6,18.47,0.0,0.0,644.63,501.0,0.0,0.0,0.0,3475.83
0.0,0.0,0.0,0.0,0.0,0.0,0.0,0.0,48382.52,0.0,379.93,151.2,0.0,0.0,4.6,18.47,0.0,0.0,644.63,501.0,0.0,0.0,0.0,3475.83
0.0,0.0,0.0,0.0,0.0,0.0,0.0,0.0,48382.52,0.0,379.93,151.2,0.0,0.0,4.6,18.47,0.0,0.0,644.63,501.0,0.0,0.0,0.0,3475.83
0.0,0.0,0.0,0.0,0.0,0.0,0.0,0.0,48382.52,0.0,379.93,151.2,0.0,0.0,4.6,18.47,0.0,0.0,644.63,501.0,0.0,0.0,0.0,3475.83
0.0,0.0,0.0,0.0,0.0,0.0,0.0,0.0,48382.52,0.0,379.93,151.2,0.0,0.0,4.6,18.47,0.0,0.0,644.63,501.0,0.0,0.0,0.0,3475.83
0.0,0.0,0.0,0.0,0.0,0.0,0.0,0.0,48382.52,0.0,379.93,151.2,0.0,0.0,4.6,18.47,0.0,0.0,644.63,501.0,0.0,0.0,0.0,3475.83
0.0,0.0,0.0,0.0,0.0,0.0,0.0,0.0,48382.52,0.0,379.93,151.2,0.0,0.0,4.6,18.47,0.0,0.0,644.63,501.0,0.0,0.0,0.0,3475.83
0.0,0.0,0.0,0.0,0.0,0.0,0.0,0.0,48382.52,0.0,379.93,151.2,0.0,0.0,4.6,18.47,0.0,0.0,644.63,501.0,0.0,0.0,0.0,3475.83
0.0,0.0,0.0,0.0,0.0,0.0,0.0,0.0,48382.52,0.0,379.93,151.2,0.0,0.0,4.6,18.47,0.0,0.0,644.63,501.0,0.0,0.0,0.0,3475.83
0.0,0.0,0.0,0.0,0.0,0.0,0.0,0.0,48382.52,0.0,379.93,151.2,0.0,0.0,4.6,18.47,0.0,0.0,644.63,501.0,0.0,0.0,0.0,3475.83
0.0,0.0,0.0,0.0,0.0,0.0,0.0,0.0,48382.52,0.0,379.93,151.2,0.0,0.0,4.6,18.47,0.0,0.0,644.63,501.0,0.0,0.0,0.0,3475.83
0.0,0.0,0.0,0.0,0.0,0.0,0.0,0.0,48382.52,0.0,379.93,151.2,0.0,0.0,4.6,18.47,0.0,0.0,644.63,501.0,0.0,0.0,0.0,3475.83
0.0,0.0,0.0,0.0,0.0,0.0,0.0,0.0,48382.52,0.0,379.93,151.2,0.0,0.0,4.6,18.47,0.0,0.0,644.63,501.0,0.0,0.0,0.0,3475.83
0.0,0.0,0.0,0.0,0.0,0.0,0.0,0.0,48382.52,0.0,379.93,151.2,0.0,0.0,4.6,18.47,0.0,0.0,644.63,501.0,0.0,0.0,0.0,3475.83
0.0,0.0,0.0,0.0,0.0,0.0,0.0,0.0,48382.52,0.0,379.93,151.2,0.0,0.0,4.6,18.47,0.0,0.0,644.63,501.0,0.0,0.0,0.0,3475.83
0.0,0.0,0.0,0.0,0.0,0.0,0.0,0.0,48382.52,0.0,379.93,151.2,0.0,0.0,4.6,18.47,0.0,0.0,644.63,501.0,0.0,0.0,0.0,3475.83
0.0,0.0,0.0,0.0,0.0,0.0,0.0,0.0,48382.52,0.0,379.93,151.2,0.0,0.0,4.6,18.47,0.0,0.0,644.63,501.0,0.0,0.0,0.0,3475.83
0.0,0.0,0.0,0.0,0.0,0.0,0.0,0.0,48382.52,0.0,379.93,151.2,0.0,0.0,4.6,18.47,0.0,0.0,644.63,501.0,0.0,0.0,0.0,3475.83
0.0,0.0,0.0,0.0,0.0,0.0,0.0,0.0,48382.52,0.0,379.93,151.2,0.0,0.0,4.6,18.47,0.0,0.0,644.63,501.0,0.0,0.0,0.0,3475.83
0.0,0.0,0.0,0.0,0.0,0.0,0.0,0.0,48382.52,0.0,379.93,151.2,0.0,0.0,4.6,18.47,0.0,0.0,644.63,501.0,0.0,0.0,0.0,3475.83
0.0,0.0,0.0,0.0,0.0,0.0,0.0,0.0,48382.52,0.0,379.93,151.2,0.0,0.0,4.6,18.47,0.0,0.0,644.63,501.0,0.0,0.0,0.0,3475.83
0.0,0.0,0.0,0.0,0.0,0.0,0.0,0.0,48382.52,0.0,379.93,151.2,0.0,0.0,4.6,18.47,0.0,0.0,644.63,501.0,0.0,0.0,0.0,3475.83
0.0,0.0,0.0,0.0,0.0,0.0,0.0,0.0,48382.52,0.0,379.93,151.2,0.0,0.0,4.6,18.47,0.0,0.0,644.63,501.0,0.0,0.0,0.0,3475.83
0.0,0.0,0.0,0.0,0.0,0.0,0.0,0.0,48382.52,0.0,379.93,151.2,0.0,0.0,4.6,18.47,0.0,0.0,644.63,501.0,0.0,0.0,0.0,3475.83
0.0,0.0,0.0,0.0,0.0,0.0,0.0,0.0,48382.52,0.0,379.93,151.2,0.0,0.0,4.6,18.47,0.0,0.0,644.63,501.0,0.0,0.0,0.0,3475.83
0.0,0.0,0.0,0.0,0.0,0.0,0.0,0.0,48382.52,0.0,379.93,151.2,0.0,0.0,4.6,18.47,0.0,0.0,644.63,501.0,0.0,0.0,0.0,3475.83
0.0,0.0,0.0,0.0,0.0,0.0,0.0,0.0,48382.52,0.0,379.93,151.2,0.0,0.0,4.6,18.47,0.0,0.0,644.63,501.0,0.0,0.0,0.0,3475.83
0.0,0.0,0.0,0.0,0.0,0.0,0.0,0.0,48382.52,0.0,379.93,151.2,0.0,0.0,4.6,18.47,0.0,0.0,644.63,501.0,0.0,0.0,0.0,3475.83
0.0,0.0,0.0,0.0,0.0,0.0,0.0,0.0,48382.52,0.0,379.93,151.2,0.0,0.0,4.6,18.47,0.0,0.0,644.63,501.0,0.0,0.0,0.0,3475.83
0.0,0.0,0.0,0.0,0.0,0.0,0.0,0.0,48382.52,0.0,379.93,151.2,0.0,0.0,4.6,18.47,0.0,0.0,644.63,501.0,0.0,0.0,0.0,3475.83
0.0,0.0,0.0,0.0,0.0,0.0,0.0,0.0,48382.52,0.0,379.93,151.2,0.0,0.0,4.6,18.47,0.0,0.0,644.63,501.0,0.0,0.0,0.0,3475.83
0.0,0.0,0.0,0.0,0.0,0.0,0.0,0.0,48382.52,0.0,379.93,151.2,0.0,0.0,4.6,18.47,0.0,0.0,644.63,501.0,0.0,0.0,0.0,3475.83
0.0,0.0,0.0,0.0,0.0,0.0,0.0,0.0,48382.52,0.0,379.93,151.2,0.0,0.0,4.6,18.47,0.0,0.0,644.63,501.0,0.0,0.0,0.0,3475.83
0.0,0.0,0.0,0.0,0.0,0.0,0.0,0.0,48382.52,0.0,379.93,151.2,0.0,0.0,4.6,18.47,0.0,0.0,644.63,501.0,0.0,0.0,0.0,3475.83
0.0,0.0,0.0,0.0,0.0,0.0,0.0,0.0,48382.52,0.0,379.93,151.2,0.0,0.0,4.6,18.47,0.0,0.0,644.63,501.0,0.0,0.0,0.0,3475.83
0.0,0.0,0.0,0.0,0.0,0.0,0.0,0.0,48382.52,0.0,379.93,151.2,0.0,0.0,4.6,18.47,0.0,0.0,644.63,501.0,0.0,0.0,0.0,3475.83
0.0,0.0,0.0,0.0,0.0,0.0,0.0,0.0,48382.52,0.0,379.93,151.2,0.0,0.0,4.6,18.47,0.0,0.0,644.63,501.0,0.0,0.0,0.0,3475.83
0.0,0.0,0.0,0.0,0.0,0.0,0.0,0.0,48382.52,0.0,379.93,151.2,0.0,0.0,4.6,18.47,0.0,0.0,644.63,501.0,0.0,0.0,0.0,3475.83
0.0,0.0,0.0,0.0,0.0,0.0,0.0,0.0,48382.52,0.0,379.93,151.2,0.0,0.0,4.6,18.47,0.0,0.0,644.63,501.0,0.0,0.0,0.0,3475.83
0.0,0.0,0.0,0.0,0.0,0.0,0.0,0.0,48382.52,0.0,379.93,151.2,0.0,0.0,4.6,18.47,0.0,0.0,644.63,501.0,0.0,0.0,0.0,3475.83
0.0,0.0,0.0,0.0,0.0,0.0,0.0,0.0,48382.52,0.0,379.93,151.2,0.0,0.0,4.6,18.47,0.0,0.0,644.63,501.0,0.0,0.0,0.0,3475.83
0.0,0.0,0.0,0.0,0.0,0.0,0.0,0.0,48382.52,0.0,379.93,151.2,0.0,0.0,4.6,18.47,0.0,0.0,644.63,501.0,0.0,0.0,0.0,3475.83
0.0,0.0,0.0,0.0,0.0,0.0,0.0,0.0,48382.52,0.0,379.93,151.2,0.0,0.0,4.6,18.47,0.0,0.0,644.63,501.0,0.0,0.0,0.0,3475.83
0.0,0.0,0.0,0.0,0.0,0.0,0.0,0.0,48382.52,0.0,379.93,151.2,0.0,0.0,4.6,18.47,0.0,0.0,644.63,501.0,0.0,0.0,0.0,3475.83
0.0,0.0,0.0,0.0,0.0,0.0,0.0,0.0,48382.52,0.0,379.93,151.2,0.0,0.0,4.6,18.47,0.0,0.0,644.63,501.0,0.0,0.0,0.0,3475.83
0.0,0.0,0.0,0.0,0.0,0.0,0.0,0.0,48382.52,0.0,379.93,151.2,0.0,0.0,4.6,18.47,0.0,0.0,644.63,501.0,0.0,0.0,0.0,3475.83
0.0,0.0,0.0,0.0,0.0,0.0,0.0,0.0,48382.52,0.0,379.93,151.2,0.0,0.0,4.6,18.47,0.0,0.0,644.63,501.0,0.0,0.0,0.0,3475.83
0.0,0.0,0.0,0.0,0.0,0.0,0.0,0.0,48382.52,0.0,379.93,151.2,0.0,0.0,4.6,18.47,0.0,0.0,644.63,501.0,0.0,0.0,0.0,3475.83
0.0,0.0,0.0,0.0,0.0,0.0,0.0,0.0,48382.52,0.0,379.93,151.2,0.0,0.0,4.6,18.47,0.0,0.0,644.63,501.0,0.0,0.0,0.0,3475.83
0.0,0.0,0.0,0.0,0.0,0.0,0.0,0.0,48382.52,0.0,379.93,151.2,0.0,0.0,4.6,18.47,0.0,0.0,644.63,501.0,0.0,0.0,0.0,3475.83
0.0,0.0,0.0,0.0,0.0,0.0,0.0,0.0,48382.52,0.0,379.93,151.2,0.0,0.0,4.6,18.47,0.0,0.0,644.63,501.0,0.0,0.0,0.0,3475.83
0.0,0.0,0.0,0.0,0.0,0.0,0.0,0.0,48382.52,0.0,379.93,151.2,0.0,0.0,4.6,18.47,0.0,0.0,644.63,501.0,0.0,0.0,0.0,3475.83
0.0,0.0,0.0,0.0,0.0,0.0,0.0,0.0,48382.52,0.0,379.93,151.2,0.0,0.0,4.6,18.47,0.0,0.0,644.63,501.0,0.0,0.0,0.0,3475.83
0.0,0.0,0.0,0.0,0.0,0.0,0.0,0.0,48382.52,0.0,379.93,151.2,0.0,0.0,4.6,18.47,0.0,0.0,644.63,501.0,0.0,0.0,0.0,3475.83
0.0,0.0,0.0,0.0,0.0,0.0,0.0,0.0,48382.52,0.0,379.93,151.2,0.0,0.0,4.6,18.47,0.0,0.0,644.63,501.0,0.0,0.0,0.0,3475.83
0.0,0.0,0.0,0.0,0.0,0.0,0.0,0.0,48382.52,0.0,379.93,151.2,0.0,0.0,4.6,18.47,0.0,0.0,644.63,501.0,0.0,0.0,0.0,3475.83
0.0,0.0,0.0,0.0,0.0,0.0,0.0,0.0,48382.52,0.0,379.93,151.2,0.0,0.0,4.6,18.47,0.0,0.0,644.63,501.0,0.0,0.0,0.0,3475.83
0.0,0.0,0.0,0.0,0.0,0.0,0.0,0.0,48382.52,0.0,379.93,151.2,0.0,0.0,4.6,18.47,0.0,0.0,644.63,501.0,0.0,0.0,0.0,3475.83
0.0,0.0,0.0,0.0,0.0,0.0,0.0,0.0,48382.52,0.0,379.93,151.2,0.0,0.0,4.6,18.47,0.0,0.0,644.63,501.0,0.0,0.0,0.0,3475.83
0.0,0.0,0.0,0.0,0.0,0.0,0.0,0.0,48382.52,0.0,379.93,151.2,0.0,0.0,4.6,18.47,0.0,0.0,644.63,501.0,0.0,0.0,0.0,3475.83
0.0,0.0,0.0,0.0,0.0,0.0,0.0,0.0,48382.52,0.0,379.93,151.2,0.0,0.0,4.6,18.47,0.0,0.0,644.63,501.0,0.0,0.0,0.0,3475.83
0.0,0.0,0.0,0.0,0.0,0.0,0.0,0.0,48382.52,0.0,379.93,151.2,0.0,0.0,4.6,18.47,0.0,0.0,644.63,501.0,0.0,0.0,0.0,3475.83
0.0,0.0,0.0,0.0,0.0,0.0,0.0,0.0,48382.52,0.0,379.93,151.2,0.0,0.0,4.6,18.47,0.0,0.0,644.63,501.0,0.0,0.0,0.0,3475.83
0.0,0.0,0.0,0.0,0.0,0.0,0.0,0.0,48382.52,0.0,379.93,151.2,0.0,0.0,4.6,18.47,0.0,0.0,644.63,501.0,0.0,0.0,0.0,3475.83
0.0,0.0,0.0,0.0,0.0,0.0,0.0,0.0,48382.52,0.0,379.93,151.2,0.0,0.0,4.6,18.47,0.0,0.0,644.63,501.0,0.0,0.0,0.0,3475.83
0.0,0.0,0.0,0.0,0.0,0.0,0.0,0.0,48382.52,0.0,379.93,151.2,0.0,0.0,4.6,18.47,0.0,0.0,644.63,501.0,0.0,0.0,0.0,3475.83
0.0,0.0,0.0,0.0,0.0,0.0,0.0,0.0,48382.52,0.0,379.93,151.2,0.0,0.0,4.6,18.47,0.0,0.0,644.63,501.0,0.0,0.0,0.0,3475.83
0.0,0.0,0.0,0.0,0.0,0.0,0.0,0.0,48382.52,0.0,379.93,151.2,0.0,0.0,4.6,18.47,0.0,0.0,644.63,501.0,0.0,0.0,0.0,3475.83
0.0,0.0,0.0,0.0,0.0,0.0,0.0,0.0,48382.52,0.0,379.93,151.2,0.0,0.0,4.6,18.47,0.0,0.0,644.63,501.0,0.0,0.0,0.0,3475.83
0.0,0.0,0.0,0.0,0.0,0.0,0.0,0.0,48382.52,0.0,379.93,151.2,0.0,0.0,4.6,18.47,0.0,0.0,644.63,501.0,0.0,0.0,0.0,3475.83
0.0,0.0,0.0,0.0,0.0,0.0,0.0,0.0,48382.52,0.0,379.93,151.2,0.0,0.0,4.6,18.47,0.0,0.0,644.63,501.0,0.0,0.0,0.0,3475.83
0.0,0.0,0.0,0.0,0.0,0.0,0.0,0.0,48382.52,0.0,379.93,151.2,0.0,0.0,4.6,18.47,0.0,0.0,644.63,501.0,0.0,0.0,0.0,3475.83
0.0,0.0,0.0,0.0,0.0,0.0,0.0,0.0,48382.52,0.0,379.93,151.2,0.0,0.0,4.6,18.47,0.0,0.0,644.63,501.0,0.0,0.0,0.0,3475.83
0.0,0.0,0.0,0.0,0.0,0.0,0.0,0.0,48382.52,0.0,379.93,151.2,0.0,0.0,4.6,18.47,0.0,0.0,644.63,501.0,0.0,0.0,0.0,3475.83
0.0,0.0,0.0,0.0,0.0,0.0,0.0,0.0,48382.52,0.0,379.93,151.2,0.0,0.0,4.6,18.47,0.0,0.0,644.63,501.0,0.0,0.0,0.0,3475.83
0.0,0.0,0.0,0.0,0.0,0.0,0.0,0.0,48382.52,0.0,379.93,151.2,0.0,0.0,4.6,18.47,0.0,0.0,644.63,501.0,0.0,0.0,0.0,3475.83
0.0,0.0,0.0,0.0,0.0,0.0,0.0,0.0,48382.52,0.0,379.93,151.2,0.0,0.0,4.6,18.47,0.0,0.0,644.63,501.0,0.0,0.0,0.0,3475.83
0.0,0.0,0.0,0.0,0.0,0.0,0.0,0.0,48382.52,0.0,379.93,151.2,0.0,0.0,4.6,18.47,0.0,0.0,644.63,501.0,0.0,0.0,0.0,3475.83
0.0,0.0,0.0,0.0,0.0,0.0,0.0,0.0,48382.52,0.0,379.93,151.2,0.0,0.0,4.6,18.47,0.0,0.0,644.63,501.0,0.0,0.0,0.0,3475.83
0.0,0.0,0.0,0.0,0.0,0.0,0.0,0.0,48382.52,0.0,379.93,151.2,0.0,0.0,4.6,18.47,0.0,0.0,644.63,501.0,0.0,0.0,0.0,3475.83
0.0,0.0,0.0,0.0,0.0,0.0,0.0,0.0,48382.52,0.0,379.93,151.2,0.0,0.0,4.6,18.47,0.0,0.0,644.63,501.0,0.0,0.0,0.0,3475.83
0.0,0.0,0.0,0.0,0.0,0.0,0.0,0.0,48382.52,0.0,379.93,151.2,0.0,0.0,4.6,18.47,0.0,0.0,644.63,501.0,0.0,0.0,0.0,3475.83
0.0,0.0,0.0,0.0,0.0,0.0,0.0,0.0,48382.52,0.0,379.93,151.2,0.0,0.0,4.6,18.47,0.0,0.0,644.63,501.0,0.0,0.0,0.0,3475.83
0.0,0.0,0.0,0.0,0.0,0.0,0.0,0.0,48382.52,0.0,379.93,151.2,0.0,0.0,4.6,18.47,0.0,0.0,644.63,501.0,0.0,0.0,0.0,3475.83
0.0,0.0,0.0,0.0,0.0,0.0,0.0,0.0,48382.52,0.0,379.93,151.2,0.0,0.0,4.6,18.47,0.0,0.0,644.63,501.0,0.0,0.0,0.0,3475.83
0.0,0.0,0.0,0.0,0.0,0.0,0.0,0.0,48382.52,0.0,379.93,151.2,0.0,0.0,4.6,18.47,0.0,0.0,644.63,501.0,0.0,0.0,0.0,3475.83
0.0,0.0,0.0,0.0,0.0,0.0,0.0,0.0,48382.52,0.0,379.93,151.2,0.0,0.0,4.6,18.47,0.0,0.0,644.63,501.0,0.0,0.0,0.0,3475.83
0.0,0.0,0.0,0.0,0.0,0.0,0.0,0.0,48382.52,0.0,379.93,151.2,0.0,0.0,4.6,18.47,0.0,0.0,644.63,501.0,0.0,0.0,0.0,3475.83
0.0,0.0,0.0,0.0,0.0,0.0,0.0,0.0,48382.52,0.0,379.93,151.2,0.0,0.0,4.6,18.47,0.0,0.0,644.63,501.0,0.0,0.0,0.0,3475.83
0.0,0.0,0.0,0.0,0.0,0.0,0.0,0.0,48382.52,0.0,379.93,151.2,0.0,0.0,4.6,18.47,0.0,0.0,644.63,501.0,0.0,0.0,0.0,3475.83
0.0,0.0,0.0,0.0,0.0,0.0,0.0,0.0,48382.52,0.0,379.93,151.2,0.0,0.0,4.6,18.47,0.0,0.0,644.63,501.0,0.0,0.0,0.0,3475.83
0.0,0.0,0.0,0.0,0.0,0.0,0.0,0.0,48382.52,0.0,379.93,151.2,0.0,0.0,4.6,18.47,0.0,0.0,644.63,501.0,0.0,0.0,0.0,3475.83
0.0,0.0,0.0,0.0,0.0,0.0,0.0,0.0,48382.52,0.0,379.93,151.2,0.0,0.0,4.6,18.47,0.0,0.0,644.63,501.0,0.0,0.0,0.0,3475.83
0.0,0.0,0.0,0.0,0.0,0.0,0.0,0.0,48382.52,0.0,379.93,151.2,0.0,0.0,4.6,18.47,0.0,0.0,644.63,501.0,0.0,0.0,0.0,3475.83
0.0,0.0,0.0,0.0,0.0,0.0,0.0,0.0,48382.52,0.0,379.93,151.2,0.0,0.0,4.6,18.47,0.0,0.0,644.63,501.0,0.0,0.0,0.0,3475.83
0.0,0.0,0.0,0.0,0.0,0.0,0.0,0.0,48382.52,0.0,379.93,151.2,0.0,0.0,4.6,18.47,0.0,0.0,644.63,501.0,0.0,0.0,0.0,3475.83
0.0,0.0,0.0,0.0,0.0,0.0,0.0,0.0,48382.52,0.0,379.93,151.2,0.0,0.0,4.6,18.47,0.0,0.0,644.63,501.0,0.0,0.0,0.0,3475.83
0.0,0.0,0.0,0.0,0.0,0.0,0.0,0.0,48382.52,0.0,379.93,151.2,0.0,0.0,4.6,18.47,0.0,0.0,644.63,501.0,0.0,0.0,0.0,3475.83
0.0,0.0,0.0,0.0,0.0,0.0,0.0,0.0,48382.52,0.0,379.93,151.2,0.0,0.0,4.6,18.47,0.0,0.0,644.63,501.0,0.0,0.0,0.0,3475.83
0.0,0.0,0.0,0.0,0.0,0.0,0.0,0.0,48382.52,0.0,379.93,151.2,0.0,0.0,4.6,18.47,0.0,0.0,644.63,501.0,0.0,0.0,0.0,3475.83
0.0,0.0,0.0,0.0,0.0,0.0,0.0,0.0,48382.52,0.0,379.93,151.2,0.0,0.0,4.6,18.47,0.0,0.0,644.63,501.0,0.0,0.0,0.0,3475.83
0.0,0.0,0.0,0.0,0.0,0.0,0.0,0.0,48382.52,0.0,379.93,151.2,0.0,0.0,4.6,18.47,0.0,0.0,644.63,501.0,0.0,0.0,0.0,3475.83
0.0,0.0,0.0,0.0,0.0,0.0,0.0,0.0,48382.52,0.0,379.93,151.2,0.0,0.0,4.6,18.47,0.0,0.0,644.63,501.0,0.0,0.0,0.0,3475.83
0.0,0.0,0.0,0.0,0.0,0.0,0.0,0.0,48382.52,0.0,379.93,151.2,0.0,0.0,4.6,18.47,0.0,0.0,644.63,501.0,0.0,0.0,0.0,3475.83
0.0,0.0,0.0,0.0,0.0,0.0,0.0,0.0,48382.52,0.0,379.93,151.2,0.0,0.0,4.6,18.47,0.0,0.0,644.63,501.0,0.0,0.0,0.0,3475.83
0.0,0.0,0.0,0.0,0.0,0.0,0.0,0.0,48382.52,0.0,379.93,151.2,0.0,0.0,4.6,18.47,0.0,0.0,644.63,501.0,0.0,0.0,0.0,3475.83
0.0,0.0,0.0,0.0,0.0,0.0,0.0,0.0,48382.52,0.0,379.93,151.2,0.0,0.0,4.6,18.47,0.0,0.0,644.63,501.0,0.0,0.0,0.0,3475.83
0.0,0.0,0.0,0.0,0.0,0.0,0.0,0.0,48382.52,0.0,379.93,151.2,0.0,0.0,4.6,18.47,0.0,0.0,644.63,501.0,0.0,0.0,0.0,3475.83
0.0,0.0,0.0,0.0,0.0,0.0,0.0,0.0,48382.52,0.0,379.93,151.2,0.0,0.0,4.6,18.47,0.0,0.0,644.63,501.0,0.0,0.0,0.0,3475.83
0.0,0.0,0.0,0.0,0.0,0.0,0.0,0.0,48382.52,0.0,379.93,151.2,0.0,0.0,4.6,18.47,0.0,0.0,644.63,501.0,0.0,0.0,0.0,3475.83
0.0,0.0,0.0,0.0,0.0,0.0,0.0,0.0,48382.52,0.0,379.93,151.2,0.0,0.0,4.6,18.47,0.0,0.0,644.63,501.0,0.0,0.0,0.0,3475.83
0.0,0.0,0.0,0.0,0.0,0.0,0.0,0.0,48382.52,0.0,379.93,151.2,0.0,0.0,4.6,18.47,0.0,0.0,644.63,501.0,0.0,0.0,0.0,3475.83
0.0,0.0,0.0,0.0,0.0,0.0,0.0,0.0,48382.52,0.0,379.93,151.2,0.0,0.0,4.6,18.47,0.0,0.0,644.63,501.0,0.0,0.0,0.0,3475.83
0.0,0.0,0.0,0.0,0.0,0.0,0.0,0.0,48382.52,0.0,379.93,151.2,0.0,0.0,4.6,18.47,0.0,0.0,644.63,501.0,0.0,0.0,0.0,3475.83
0.0,0.0,0.0,0.0,0.0,0.0,0.0,0.0,48382.52,0.0,379.93,151.2,0.0,0.0,4.6,18.47,0.0,0.0,644.63,501.0,0.0,0.0,0.0,3475.83
0.0,0.0,0.0,0.0,0.0,0.0,0.0,0.0,48382.52,0.0,379.93,151.2,0.0,0.0,4.6,18.47,0.0,0.0,644.63,501.0,0.0,0.0,0.0,3475.83
0.0,0.0,0.0,0.0,0.0,0.0,0.0,0.0,48382.52,0.0,379.93,151.2,0.0,0.0,4.6,18.47,0.0,0.0,644.63,501.0,0.0,0.0,0.0,3475.83
0.0,0.0,0.0,0.0,0.0,0.0,0.0,0.0,48382.52,0.0,379.93,151.2,0.0,0.0,4.6,18.47,0.0,0.0,644.63,501.0,0.0,0.0,0.0,3475.83
0.0,0.0,0.0,0.0,0.0,0.0,0.0,0.0,48382.52,0.0,379.93,151.2,0.0,0.0,4.6,18.47,0.0,0.0,644.63,501.0,0.0,0.0,0.0,3475.83
0.0,0.0,0.0,0.0,0.0,0.0,0.0,0.0,48382.52,0.0,379.93,151.2,0.0,0.0,4.6,18.47,0.0,0.0,644.63,501.0,0.0,0.0,0.0,3475.83
0.0,0.0,0.0,0.0,0.0,0.0,0.0,0.0,48382.52,0.0,379.93,151.2,0.0,0.0,4.6,18.47,0.0,0.0,644.63,501.0,0.0,0.0,0.0,3475.83
0.0,0.0,0.0,0.0,0.0,0.0,0.0,0.0,48382.52,0.0,379.93,151.2,0.0,0.0,4.6,18.47,0.0,0.0,644.63,501.0,0.0,0.0,0.0,3475.83
0.0,0.0,0.0,0.0,0.0,0.0,0.0,0.0,48382.52,0.0,379.93,151.2,0.0,0.0,4.6,18.47,0.0,0.0,644.63,501.0,0.0,0.0,0.0,3475.83
0.0,0.0,0.0,0.0,0.0,0.0,0.0,0.0,48382.52,0.0,379.93,151.2,0.0,0.0,4.6,18.47,0.0,0.0,644.63,501.0,0.0,0.0,0.0,3475.83
0.0,0.0,0.0,0.0,0.0,0.0,0.0,0.0,48382.52,0.0,379.93,151.2,0.0,0.0,4.6,18.47,0.0,0.0,644.63,501.0,0.0,0.0,0.0,3475.83
0.0,0.0,0.0,0.0,0.0,0.0,0.0,0.0,48382.52,0.0,379.93,151.2,0.0,0.0,4.6,18.47,0.0,0.0,644.63,501.0,0.0,0.0,0.0,3475.83
0.0,0.0,0.0,0.0,0.0,0.0,0.0,0.0,48382.52,0.0,379.93,151.2,0.0,0.0,4.6,18.47,0.0,0.0,644.63,501.0,0.0,0.0,0.0,3475.83
0.0,0.0,0.0,0.0,0.0,0.0,0.0,0.0,48382.52,0.0,379.93,151.2,0.0,0.0,4.6,18.47,0.0,0.0,644.63,501.0,0.0,0.0,0.0,3475.83
0.0,0.0,0.0,0.0,0.0,0.0,0.0,0.0,48382.52,0.0,379.93,151.2,0.0,0.0,4.6,18.47,0.0,0.0,644.63,501.0,0.0,0.0,0.0,3475.83
0.0,0.0,0.0,0.0,0.0,0.0,0.0,0.0,48382.52,0.0,379.93,151.2,0.0,0.0,4.6,18.47,0.0,0.0,644.63,501.0,0.0,0.0,0.0,3475.83
0.0,0.0,0.0,0.0,0.0,0.0,0.0,0.0,48382.52,0.0,379.93,151.2,0.0,0.0,4.6,18.47,0.0,0.0,644.63,501.0,0.0,0.0,0.0,3475.83
0.0,0.0,0.0,0.0,0.0,0.0,0.0,0.0,48382.52,0.0,379.93,151.2,0.0,0.0,4.6,18.47,0.0,0.0,644.63,501.0,0.0,0.0,0.0,3475.83
0.0,0.0,0.0,0.0,0.0,0.0,0.0,0.0,48382.52,0.0,379.93,151.2,0.0,0.0,4.6,18.47,0.0,0.0,644.63,501.0,0.0,0.0,0.0,3475.83
0.0,0.0,0.0,0.0,0.0,0.0,0.0,0.0,48382.52,0.0,379.93,151.2,0.0,0.0,4.6,18.47,0.0,0.0,644.63,501.0,0.0,0.0,0.0,3475.83
0.0,0.0,0.0,0.0,0.0,0.0,0.0,0.0,48382.52,0.0,379.93,151.2,0.0,0.0,4.6,18.47,0.0,0.0,644.63,501.0,0.0,0.0,0.0,3475.83
0.0,0.0,0.0,0.0,0.0,0.0,0.0,0.0,48382.52,0.0,379.93,151.2,0.0,0.0,4.6,18.47,0.0,0.0,644.63,501.0,0.0,0.0,0.0,3475.83
0.0,0.0,0.0,0.0,0.0,0.0,0.0,0.0,48382.52,0.0,379.93,151.2,0.0,0.0,4.6,18.47,0.0,0.0,644.63,501.0,0.0,0.0,0.0,3475.83
0.0,0.0,0.0,0.0,0.0,0.0,0.0,0.0,48382.52,0.0,379.93,151.2,0.0,0.0,4.6,18.47,0.0,0.0,644.63,501.0,0.0,0.0,0.0,3475.83
0.0,0.0,0.0,0.0,0.0,0.0,0.0,0.0,48382.52,0.0,379.93,151.2,0.0,0.0,4.6,18.47,0.0,0.0,644.63,501.0,0.0,0.0,0.0,3475.83
0.0,0.0,0.0,0.0,0.0,0.0,0.0,0.0,48382.52,0.0,379.93,151.2,0.0,0.0,4.6,18.47,0.0,0.0,644.63,501.0,0.0,0.0,0.0,3475.83
0.0,0.0,0.0,0.0,0.0,0.0,0.0,0.0,48382.52,0.0,379.93,151.2,0.0,0.0,4.6,18.47,0.0,0.0,644.63,501.0,0.0,0.0,0.0,3475.83
0.0,0.0,0.0,0.0,0.0,0.0,0.0,0.0,48382.52,0.0,379.93,151.2,0.0,0.0,4.6,18.47,0.0,0.0,644.63,501.0,0.0,0.0,0.0,3475.83
0.0,0.0,0.0,0.0,0.0,0.0,0.0,0.0,48382.52,0.0,379.93,151.2,0.0,0.0,4.6,18.47,0.0,0.0,644.63,501.0,0.0,0.0,0.0,3475.83
0.0,0.0,0.0,0.0,0.0,0.0,0.0,0.0,48382.52,0.0,379.93,151.2,0.0,0.0,4.6,18.47,0.0,0.0,644.63,501.0,0.0,0.0,0.0,3475.83
0.0,0.0,0.0,0.0,0.0,0.0,0.0,0.0,48382.52,0.0,379.93,151.2,0.0,0.0,4.6,18.47,0.0,0.0,644.63,501.0,0.0,0.0,0.0,3475.83
0.0,0.0,0.0,0.0,0.0,0.0,0.0,0.0,48382.52,0.0,379.93,151.2,0.0,0.0,4.6,18.47,0.0,0.0,644.63,501.0,0.0,0.0,0.0,3475.83
0.0,0.0,0.0,0.0,0.0,0.0,0.0,0.0,48382.52,0.0,379.93,151.2,0.0,0.0,4.6,18.47,0.0,0.0,644.63,501.0,0.0,0.0,0.0,3475.83
0.0,0.0,0.0,0.0,0.0,0.0,0.0,0.0,48382.52,0.0,379.93,151.2,0.0,0.0,4.6,18.47,0.0,0.0,644.63,501.0,0.0,0.0,0.0,3475.83
0.0,0.0,0.0,0.0,0.0,0.0,0.0,0.0,48382.52,0.0,379.93,151.2,0.0,0.0,4.6,18.47,0.0,0.0,644.63,501.0,0.0,0.0,0.0,3475.83
0.0,0.0,0.0,0.0,0.0,0.0,0.0,0.0,48382.52,0.0,379.93,151.2,0.0,0.0,4.6,18.47,0.0,0.0,644.63,501.0,0.0,0.0,0.0,3475.83
0.0,0.0,0.0,0.0,0.0,0.0,0.0,0.0,48382.52,0.0,379.93,151.2,0.0,0.0,4.6,18.47,0.0,0.0,644.63,501.0,0.0,0.0,0.0,3475.83
0.0,0.0,0.0,0.0,0.0,0.0,0.0,0.0,48382.52,0.0,379.93,151.2,0.0,0.0,4.6,18.47,0.0,0.0,644.63,501.0,0.0,0.0,0.0,3475.83
0.0,0.0,0.0,0.0,0.0,0.0,0.0,0.0,48382.52,0.0,379.93,151.2,0.0,0.0,4.6,18.47,0.0,0.0,644.63,501.0,0.0,0.0,0.0,3475.83
0.0,0.0,0.0,0.0,0.0,0.0,0.0,0.0,48382.52,0.0,379.93,151.2,0.0,0.0,4.6,18.47,0.0,0.0,644.63,501.0,0.0,0.0,0.0,3475.83
0.0,0.0,0.0,0.0,0.0,0.0,0.0,0.0,48382.52,0.0,379.93,151.2,0.0,0.0,4.6,18.47,0.0,0.0,644.63,501.0,0.0,0.0,0.0,3475.83
0.0,0.0,0.0,0.0,0.0,0.0,0.0,0.0,48382.52,0.0,379.93,151.2,0.0,0.0,4.6,18.47,0.0,0.0,644.63,501.0,0.0,0.0,0.0,3475.83
0.0,0.0,0.0,0.0,0.0,0.0,0.0,0.0,48382.52,0.0,379.93,151.2,0.0,0.0,4.6,18.47,0.0,0.0,644.63,501.0,0.0,0.0,0.0,3475.83
0.0,0.0,0.0,0.0,0.0,0.0,0.0,0.0,48382.52,0.0,379.93,151.2,0.0,0.0,4.6,18.47,0.0,0.0,644.63,501.0,0.0,0.0,0.0,3475.83
0.0,0.0,0.0,0.0,0.0,0.0,0.0,0.0,48382.52,0.0,379.93,151.2,0.0,0.0,4.6,18.47,0.0,0.0,644.63,501.0,0.0,0.0,0.0,3475.83
0.0,0.0,0.0,0.0,0.0,0.0,0.0,0.0,48382.52,0.0,379.93,151.2,0.0,0.0,4.6,18.47,0.0,0.0,644.63,501.0,0.0,0.0,0.0,3475.83
0.0,0.0,0.0,0.0,0.0,0.0,0.0,0.0,48382.52,0.0,379.93,151.2,0.0,0.0,4.6,18.47,0.0,0.0,644.63,501.0,0.0,0.0,0.0,3475.83
0.0,0.0,0.0,0.0,0.0,0.0,0.0,0.0,48382.52,0.0,379.93,151.2,0.0,0.0,4.6,18.47,0.0,0.0,644.63,501.0,0.0,0.0,0.0,3475.83
0.0,0.0,0.0,0.0,0.0,0.0,0.0,0.0,48382.52,0.0,379.93,151.2,0.0,0.0,4.6,18.47,0.0,0.0,644.63,501.0,0.0,0.0,0.0,3475.83
0.0,0.0,0.0,0.0,0.0,0.0,0.0,0.0,48382.52,0.0,379.93,151.2,0.0,0.0,4.6,18.47,0.0,0.0,644.63,501.0,0.0,0.0,0.0,3475.83
0.0,0.0,0.0,0.0,0.0,0.0,0.0,0.0,48382.52,0.0,379.93,151.2,0.0,0.0,4.6,18.47,0.0,0.0,644.63,501.0,0.0,0.0,0.0,3475.83
0.0,0.0,0.0,0.0,0.0,0.0,0.0,0.0,48382.52,0.0,379.93,151.2,0.0,0.0,4.6,18.47,0.0,0.0,644.63,501.0,0.0,0.0,0.0,3475.83
0.0,0.0,0.0,0.0,0.0,0.0,0.0,0.0,48382.52,0.0,379.93,151.2,0.0,0.0,4.6,18.47,0.0,0.0,644.63,501.0,0.0,0.0,0.0,3475.83
0.0,0.0,0.0,0.0,0.0,0.0,0.0,0.0,48382.52,0.0,379.93,151.2,0.0,0.0,4.6,18.47,0.0,0.0,644.63,501.0,0.0,0.0,0.0,3475.83
0.0,0.0,0.0,0.0,0.0,0.0,0.0,0.0,48382.52,0.0,379.93,151.2,0.0,0.0,4.6,18.47,0.0,0.0,644.63,501.0,0.0,0.0,0.0,3475.83
0.0,0.0,0.0,0.0,0.0,0.0,0.0,0.0,48382.52,0.0,379.93,151.2,0.0,0.0,4.6,18.47,0.0,0.0,644.63,501.0,0.0,0.0,0.0,3475.83
0.0,0.0,0.0,0.0,0.0,0.0,0.0,0.0,48382.52,0.0,379.93,151.2,0.0,0.0,4.6,18.47,0.0,0.0,644.63,501.0,0.0,0.0,0.0,3475.83
0.0,0.0,0.0,0.0,0.0,0.0,0.0,0.0,48382.52,0.0,379.93,151.2,0.0,0.0,4.6,18.47,0.0,0.0,644.63,501.0,0.0,0.0,0.0,3475.83
0.0,0.0,0.0,0.0,0.0,0.0,0.0,0.0,48382.52,0.0,379.93,151.2,0.0,0.0,4.6,18.47,0.0,0.0,644.63,501.0,0.0,0.0,0.0,3475.83
0.0,0.0,0.0,0.0,0.0,0.0,0.0,0.0,48382.52,0.0,379.93,151.2,0.0,0.0,4.6,18.47,0.0,0.0,644.63,501.0,0.0,0.0,0.0,3475.83
0.0,0.0,0.0,0.0,0.0,0.0,0.0,0.0,48382.52,0.0,379.93,151.2,0.0,0.0,4.6,18.47,0.0,0.0,644.63,501.0,0.0,0.0,0.0,3475.83
0.0,0.0,0.0,0.0,0.0,0.0,0.0,0.0,48382.52,0.0,379.93,151.2,0.0,0.0,4.6,18.47,0.0,0.0,644.63,501.0,0.0,0.0,0.0,3475.83
0.0,0.0,0.0,0.0,0.0,0.0,0.0,0.0,48382.52,0.0,379.93,151.2,0.0,0.0,4.6,18.47,0.0,0.0,644.63,501.0,0.0,0.0,0.0,3475.83
0.0,0.0,0.0,0.0,0.0,0.0,0.0,0.0,48382.52,0.0,379.93,151.2,0.0,0.0,4.6,18.47,0.0,0.0,644.63,501.0,0.0,0.0,0.0,3475.83
0.0,0.0,0.0,0.0,0.0,0.0,0.0,0.0,48382.52,0.0,379.93,151.2,0.0,0.0,4.6,18.47,0.0,0.0,644.63,501.0,0.0,0.0,0.0,3475.83
0.0,0.0,0.0,0.0,0.0,0.0,0.0,0.0,48382.52,0.0,379.93,151.2,0.0,0.0,4.6,18.47,0.0,0.0,644.63,501.0,0.0,0.0,0.0,3475.83
0.0,0.0,0.0,0.0,0.0,0.0,0.0,0.0,48382.52,0.0,379.93,151.2,0.0,0.0,4.6,18.47,0.0,0.0,644.63,501.0,0.0,0.0,0.0,3475.83
0.0,0.0,0.0,0.0,0.0,0.0,0.0,0.0,48382.52,0.0,379.93,151.2,0.0,0.0,4.6,18.47,0.0,0.0,644.63,501.0,0.0,0.0,0.0,3475.83
0.0,0.0,0.0,0.0,0.0,0.0,0.0,0.0,48382.52,0.0,379.93,151.2,0.0,0.0,4.6,18.47,0.0,0.0,644.63,501.0,0.0,0.0,0.0,3475.83
0.0,0.0,0.0,0.0,0.0,0.0,0.0,0.0,48382.52,0.0,379.93,151.2,0.0,0.0,4.6,18.47,0.0,0.0,644.63,501.0,0.0,0.0,0.0,3475.83
0.0,0.0,0.0,0.0,0.0,0.0,0.0,0.0,48382.52,0.0,379.93,151.2,0.0,0.0,4.6,18.47,0.0,0.0,644.63,501.0,0.0,0.0,0.0,3475.83
0.0,0.0,0.0,0.0,0.0,0.0,0.0,0.0,48382.52,0.0,379.93,151.2,0.0,0.0,4.6,18.47,0.0,0.0,644.63,501.0,0.0,0.0,0.0,3475.83
0.0,0.0,0.0,0.0,0.0,0.0,0.0,0.0,48382.52,0.0,379.93,151.2,0.0,0.0,4.6,18.47,0.0,0.0,644.63,501.0,0.0,0.0,0.0,3475.83
0.0,0.0,0.0,0.0,0.0,0.0,0.0,0.0,48382.52,0.0,379.93,151.2,0.0,0.0,4.6,18.47,0.0,0.0,644.63,501.0,0.0,0.0,0.0,3475.83
0.0,0.0,0.0,0.0,0.0,0.0,0.0,0.0,48382.52,0.0,379.93,151.2,0.0,0.0,4.6,18.47,0.0,0.0,644.63,501.0,0.0,0.0,0.0,3475.83
0.0,0.0,0.0,0.0,0.0,0.0,0.0,0.0,48382.52,0.0,379.93,151.2,0.0,0.0,4.6,18.47,0.0,0.0,644.63,501.0,0.0,0.0,0.0,3475.83
0.0,0.0,0.0,0.0,0.0,0.0,0.0,0.0,48382.52,0.0,379.93,151.2,0.0,0.0,4.6,18.47,0.0,0.0,644.63,501.0,0.0,0.0,0.0,3475.83
0.0,0.0,0.0,0.0,0.0,0.0,0.0,0.0,48382.52,0.0,379.93,151.2,0.0,0.0,4.6,18.47,0.0,0.0,644.63,501.0,0.0,0.0,0.0,3475.83
0.0,0.0,0.0,0.0,0.0,0.0,0.0,0.0,48382.52,0.0,379.93,151.2,0.0,0.0,4.6,18.47,0.0,0.0,644.63,501.0,0.0,0.0,0.0,3475.83
0.0,0.0,0.0,0.0,0.0,0.0,0.0,0.0,48382.52,0.0,379.93,151.2,0.0,0.0,4.6,18.47,0.0,0.0,644.63,501.0,0.0,0.0,0.0,3475.83
0.0,0.0,0.0,0.0,0.0,0.0,0.0,0.0,48382.52,0.0,379.93,151.2,0.0,0.0,4.6,18.47,0.0,0.0,644.63,501.0,0.0,0.0,0.0,3475.83
0.0,0.0,0.0,0.0,0.0,0.0,0.0,0.0,48382.52,0.0,379.93,151.2,0.0,0.0,4.6,18.47,0.0,0.0,644.63,501.0,0.0,0.0,0.0,3475.83
0.0,0.0,0.0,0.0,0.0,0.0,0.0,0.0,48382.52,0.0,379.93,151.2,0.0,0.0,4.6,18.47,0.0,0.0,644.63,501.0,0.0,0.0,0.0,3475.83
0.0,0.0,0.0,0.0,0.0,0.0,0.0,0.0,48382.52,0.0,379.93,151.2,0.0,0.0,4.6,18.47,0.0,0.0,644.63,501.0,0.0,0.0,0.0,3475.83
0.0,0.0,0.0,0.0,0.0,0.0,0.0,0.0,48382.52,0.0,379.93,151.2,0.0,0.0,4.6,18.47,0.0,0.0,644.63,501.0,0.0,0.0,0.0,3475.83
0.0,0.0,0.0,0.0,0.0,0.0,0.0,0.0,48383.91999999851,338000.0,377.81000000006287,150.39999999998253,0.0,0.0,3.599999999999545,18.3400000000008,0.0,0.0,643.4799999999767,502.0,0.0,0.0,100000.0,3475.939999999753
